data_referencia,du,ettj_ipca,ettj_pre,inflacao_implicita
2026-10-07,252,6.2946,12.6209,5.9516
2026-10-07,378,6.6565,12.4792,5.4593
2026-10-07,504,6.7899,12.4701,5.319
2026-10-07,630,6.8386,12.5248,5.3222
2026-10-07,756,6.8568,12.6046,5.3789
2026-10-07,882,6.8643,12.6886,5.4501
2026-10-07,1008,6.8678,12.7662,5.5193
2026-10-07,1134,6.8697,12.8329,5.5798
2026-10-07,1260,6.8705,12.8874,5.63
2026-10-07,1386,6.8702,12.9299,5.6701
2026-10-07,1512,6.8689,12.9618,5.7012
2026-10-07,1638,6.8665,12.9845,5.7248
2026-10-07,1764,6.8632,12.9996,5.7422
2026-10-07,1890,6.8588,13.0084,5.7548
2026-10-07,2016,6.8536,13.0122,5.7635
2026-10-07,2142,6.8477,13.0121,5.7693
2026-10-07,2268,6.841,13.0089,5.7729
2026-10-07,2394,6.8338,13.0034,5.7749
2026-10-07,2520,6.8261,12.9962,5.7758
2026-10-07,2646,6.818,,
2026-10-07,2772,6.8096,,
2026-10-07,2898,6.8009,,
2026-10-07,3024,6.7921,,
2026-10-07,3150,6.7831,,
2026-10-07,3276,6.7741,,
2026-10-07,3402,6.765,,
2026-10-07,3528,6.756,,
2026-10-07,3654,6.747,,
2026-10-07,3780,6.738,,
2026-10-07,3906,6.7292,,
2026-10-07,4032,6.7204,,
2026-10-07,4158,6.7118,,
2026-10-07,4284,6.7033,,
2026-10-07,4410,6.695,,
2026-10-07,4536,6.6869,,
2026-10-07,4662,6.6789,,
2026-10-07,4788,6.6711,,
2026-10-07,4914,6.6635,,
2026-10-07,5040,6.6561,,
2026-10-07,5166,6.6489,,
2026-10-07,5292,6.6418,,
2026-10-07,5418,6.6349,,
2026-10-07,5544,6.6282,,
2026-10-07,5670,6.6217,,
2026-10-07,5796,6.6154,,
2026-10-07,5922,6.6092,,
2026-10-07,6048,6.6032,,
2026-10-07,6174,6.5974,,
2026-10-07,6300,6.5918,,
2026-10-07,6426,6.5863,,
2026-10-07,6552,6.5809,,
2026-10-07,6678,6.5757,,
2026-10-07,6804,6.5707,,
2026-10-07,6930,6.5658,,
2026-10-07,7056,6.561,,
2026-10-07,7182,6.5564,,
2026-10-07,7308,6.5519,,
2026-10-07,7434,6.5475,,
2026-10-07,7560,6.5432,,
2026-10-07,7686,6.5391,,
2026-10-07,7812,6.5351,,
2026-10-07,7938,6.5312,,
2026-10-07,8064,6.5274,,
2026-10-07,8190,6.5237,,
2026-10-07,8316,6.5201,,
