codigo,classe,spread_bps,spread_justo_bps,desvio_bps,desvio_em_dp,variacao_hist_bps,dp_hist_bps,n_dias_hist,inicio_hist,liquidez_pct_dias,negocios_180d,volume_negociado_180d_mi,fim_concessao,tail_anos
ALUP18,IPCA+,209.62431691740855,,,,12.86414090045858,6.079696097026505,6,2026-09-24,89.14728682170542,2621,340.67919564067586,,
CTEE18,IPCA+,217.58164317594927,215.35014570210615,2.2314974738431204,0.06003358940897798,41.52688307750785,15.932985662010148,6,2026-09-24,94.57364341085271,605,106.94124860463803,2053-09-29,23.75
CTEE1B,IPCA+,224.0889629193562,221.1452501383632,2.943712780992996,0.07919419425904231,35.260194278804306,13.234142664987669,6,2026-09-24,96.89922480620154,1119,49.37948695167201,2053-09-29,21.916666666666668
CTEE29,IPCA+,262.41283826070304,279.71416505753473,-17.301326796831688,-0.4654545933062356,29.752180409925558,10.591601257193089,6,2026-09-24,96.89922480620154,4081,77.26322141648497,2053-09-29,9.333333333333334
CTEE2B,IPCA+,264.5498051165745,273.2268918258826,-8.677086709308128,-0.23343815840202278,28.25010654373571,10.453502382216591,6,2026-09-24,83.72093023255815,440,36.495780171139,2053-09-29,13.916666666666666
CTRR11,IPCA+,185.55050250902949,241.24378226940144,-55.69327976037195,-1.4983066434824774,-10.097552533492177,8.748543952681787,6,2026-09-24,7.751937984496124,47,5.718199042977001,2044-09-05,12.083333333333334
EDFT11,IPCA+,323.70197213646657,282.867101897924,40.83487023854258,1.0985734298177852,7.189322493970451,3.1659555540154134,6,2026-09-24,20.155038759689923,144,26.209884098348002,2053-03-30,3.8333333333333335
EDPA11,IPCA+,257.76505475357015,261.6545497118535,-3.8894949582833647,-0.10463840809630649,10.946456450523357,4.371350662689045,6,2026-09-24,38.75968992248062,302,66.960120246288,2047-08-11,2.8333333333333335
EDPT11,IPCA+,243.82334208302845,235.0327084016317,8.790633681396741,0.23649289289350342,-11.103642222320559,7.136537372532848,6,2026-09-24,22.48062015503876,65,3.8467048707730003,2047-02-10,13.75
EDTE12,IPCA+,237.32914641732862,236.5670837799627,0.762062637365915,0.020501638927136204,14.24644071937223,6.860833812549407,6,2026-09-24,80.62015503875969,469,61.71761392487301,2046-12-01,18.0
EEELA0,IPCA+,241.5888486790093,223.6337387158648,17.95510996314448,0.48304320840842013,20.40826231271606,7.897532638911832,6,2026-09-24,86.04651162790698,1968,221.85814872016394,2056-02-23,22.333333333333332
EEELA1,IPCA+,251.96211128750124,225.23994721484536,26.722164072655886,0.7189017441701784,17.954358600716233,6.797063631771787,6,2026-09-24,88.37209302325581,1354,248.8740145879651,2056-02-23,21.833333333333332
EEELA4,IPCA+,255.6150150419894,226.32264547207208,29.292369569917327,0.788047536772648,28.230954723316586,10.61825803517744,6,2026-09-24,28.68217054263566,90,17.924857045538,2056-02-23,21.0
EEELB1,IPCA+,293.1220538521432,260.96465892265263,32.15739492949058,0.8651248169842689,44.53543130924069,17.719601898624116,6,2026-09-24,32.55813953488372,281,19.506324756274008,2056-02-23,16.833333333333332
EEELB5,IPCA+,257.412591103559,221.55982537621966,35.852765727339346,0.9645407364699016,30.871466585692673,11.84141981014597,6,2026-09-24,32.55813953488372,392,284.7455466798761,2056-02-23,20.75
ELTE12,IPCA+,237.38743956408078,259.5881011680474,-22.20066160396661,-0.5972605476648153,16.190670760461984,7.033104913261528,6,2026-09-24,49.6124031007752,207,129.082960130803,2044-09-05,5.166666666666667
EQSP11,IPCA+,298.6286381398317,274.2568238320413,24.37181430779043,0.6556706921948355,29.044180443580103,9.725974792168977,6,2026-09-24,32.55813953488372,146,7.357886627390998,2047-02-10,14.083333333333334
EQSP21,IPCA+,299.08986186376825,278.5628847835519,20.52697708021634,0.5522337032803846,19.89219641859472,6.837977877066337,6,2026-09-24,27.906976744186046,81,3.3969031250199992,2047-02-10,13.083333333333334
EQTC11,IPCA+,320.77511855378964,303.0440674400337,17.73105111375594,0.47701539205401755,33.17194729132507,12.485063896165762,6,2026-09-24,37.2093023255814,111,5.248637691413001,2047-02-10,7.833333333333333
EQTN11,IPCA+,264.3427045101485,272.22490673958237,-7.882202229433858,-0.21205351913995937,9.19954647009041,3.8318993180584764,6,2026-09-24,21.705426356589147,52,3.780895521403,2047-02-10,14.083333333333334
EQTR11,IPCA+,321.93916298594735,303.87992731848533,18.05923566746202,0.4858444841674978,29.741157127648137,11.451761647873465,6,2026-09-24,56.58914728682171,249,10.764283473912002,2047-07-21,8.25
EQTR21,IPCA+,322.9268383642803,305.45079280044644,17.47604556383385,0.47015502198392817,35.3941758971157,13.433435982885014,6,2026-09-24,53.48837209302326,268,7.093971084694998,2047-07-21,8.25
EQTS11,IPCA+,294.14641240247545,271.23477974777677,22.91163265469868,0.6163876785003304,29.39315618108799,10.659090033667132,6,2026-09-24,31.007751937984494,93,5.015627857348998,2047-02-10,14.083333333333334
EQUA11,IPCA+,299.0580833649324,,,,33.71834763962539,13.909898328982669,6,2026-09-24,91.47286821705427,784,69.72489440923998,,
ETBA12,IPCA+,225.03453980816693,230.846623699347,-5.812083891180066,-0.15636148461899135,14.835111899244026,6.485392352414606,6,2026-09-24,96.12403100775194,1310,125.91084021309197,2046-09-29,17.583333333333332
ETEN12,IPCA+,164.03198781412075,,,,-34.84162166173198,15.840694933442963,6,2026-09-24,24.8062015503876,152,32.363770443813,,
ETEN21,IPCA+,138.38843777523888,,,,-14.072589433780507,12.718654140977844,6,2026-09-24,57.36434108527132,302,14.288624104582006,,
ETEN22,IPCA+,255.89048683648286,,,,5.061595511888925,2.9399265111694124,6,2026-09-24,21.705426356589147,68,33.466098195422994,,
ETSP12,IPCA+,320.4811682046875,303.9127122666829,16.568455938004604,0.4457382957328137,34.229414596252866,12.83804059682737,6,2026-09-24,64.34108527131782,295,12.363136892692001,2047-02-10,7.833333333333333
IBPB11,IPCA+,299.2932081478653,300.2075051151169,-0.9142969672515733,-0.024597172693780756,17.139018086738247,15.739448713430216,6,2026-09-24,51.93798449612403,101,5.364848435198999,2048-03-08,7.333333333333333
ISAEA8,IPCA+,233.7750022034995,230.583327455949,3.1916747475505076,0.0858650720278257,29.73818104028166,12.25595790858988,6,2026-09-24,79.06976744186046,603,244.15706479829993,2053-09-29,20.25
ISAEA9,IPCA+,228.65672102129633,246.68979938349833,-18.03307836220199,-0.48514077872196965,17.493437603408864,7.791359604504246,6,2026-09-24,96.12403100775194,1575,133.564317046979,2053-09-29,18.25
ISAEB0,IPCA+,250.71539941055204,247.18161446792402,3.5337849426280172,0.09506880325524113,35.19987041979937,14.041630332771879,6,2026-09-24,89.14728682170542,1701,291.32775367841793,2053-09-29,15.916666666666666
ISAEB2,IPCA+,257.07539552686904,263.50977687350127,-6.434381346632222,-0.17310304510416935,31.8015973283338,11.783345144511587,6,2026-09-24,55.81395348837209,899,598.3306970265651,2053-09-29,12.5
ISAEB8,IPCA+,229.16064771337486,222.05139897412718,7.1092487392476755,0.19125888548879172,22.457450149191146,8.708551693323901,6,2026-09-24,82.17054263565892,1366,414.3173988232688,2053-09-29,20.5
ISAEC0,IPCA+,255.3652593350494,262.8264621718474,-7.461202836798037,-0.20072744551667154,27.726800343676757,10.762864473964845,6,2026-09-24,90.69767441860465,1962,729.3866991526802,2053-09-29,12.916666666666666
ISAEC2,IPCA+,249.73846635675278,272.8674920004692,-23.12902564371643,-0.6222361643695999,29.988081826095026,11.369234672128135,6,2026-09-24,25.58139534883721,716,215.36083965023198,2053-09-29,12.5
JTEE11,IPCA+,230.02097247231046,261.5475913205979,-31.526618848287455,-0.8481551575014212,9.886721486844635,4.000383537236353,6,2026-09-24,66.66666666666667,615,23.261365771916005,2047-02-10,13.583333333333334
JTEE12,IPCA+,247.16831857429338,277.8820324904042,-30.713713916110805,-0.8262857171373328,21.522010805815057,7.248595693489051,6,2026-09-24,53.48837209302326,154,7.255021122325999,2047-02-10,2.1666666666666665
LTTE15,IPCA+,293.1798122997837,278.12063539598546,15.059176903798232,0.40513442371180775,21.84991146138725,10.860460216053898,6,2026-09-24,75.96899224806202,712,145.185920103802,2041-12-09,3.1666666666666665
MGSP12,IPCA+,262.38498960183284,276.07639155076083,-13.69140194892799,-0.3683374113884426,2.1392625078701712,1.7000929775077132,6,2026-09-24,83.72093023255815,922,42.78737026937302,2047-08-11,8.083333333333334
MSGT12,IPCA+,228.4206315025584,230.5345547607326,-2.1139232581741965,-0.05687051068211987,7.093174028141306,5.319361585120475,6,2026-09-24,48.06201550387597,397,71.179214129011,2044-05-14,13.5
MSGT13,IPCA+,86.96843726685131,251.6487225993444,-164.6802853324931,-4.430365146852622,-11.981199822443529,5.250913047586259,6,2026-09-24,31.007751937984494,111,161.09479509718201,2044-05-14,12.5
MSGT23,IPCA+,267.0281567633099,291.75664682727523,-24.728490063965353,-0.6652662781855582,6.218831944212582,4.382148069904705,6,2026-09-24,95.34883720930233,1308,142.23642996338305,2044-05-14,6.5
MSGT33,IPCA+,302.5745344754439,312.9661032257326,-10.391568750288684,-0.2795625713147704,43.224612282905014,19.54800024432111,6,2026-09-24,95.34883720930233,1145,85.62785301514698,2044-05-14,2.5
NMCH11,IPCA+,301.0167865108165,262.74143337607387,38.2753531347426,1.0297151852103406,21.665385605761514,8.548129386922326,6,2026-09-24,75.96899224806202,973,129.10684435784106,2051-03-31,12.25
ODYA11,IPCA+,247.91832462688103,245.40988249472466,2.5084421321563752,0.06748418350602355,-29.710253927204974,14.535579989785173,6,2026-09-24,6.2015503875969,30,4.798777020508,2044-09-05,13.0
PRTE12,IPCA+,209.24301871393192,224.8098580848408,-15.566839370908895,-0.41879197899300763,106.64003433920213,41.53968911929444,6,2026-09-24,24.031007751937985,92,20.000571159746,2043-05-02,15.166666666666666
PTAZ11,IPCA+,298.5892014276242,317.157659251248,-18.568457823623817,-0.4995439994926588,8.371188320708143,3.0810420056968386,6,2026-09-24,58.91472868217054,261,25.524517292761008,2049-03-22,2.9166666666666665
RALM11,IPCA+,397.46741749343937,298.235821325814,99.23159616762536,2.669610416571568,0.7077165686965259,9.021172034715834,6,2026-09-24,96.89922480620154,1407,295.9489102520869,2053-09-29,4.75
RALM21,IPCA+,408.76436157051,293.8626867595452,114.90167481096478,3.091179823800379,1.1983861631196078,10.346546820590069,6,2026-09-24,65.11627906976744,624,138.77933449434795,2053-09-29,4.75
SPRZ11,IPCA+,251.92952578502383,239.46119557233504,12.468330212688784,0.33543332465216863,6.110222482080417,2.9073891063764457,6,2026-09-24,15.503875968992247,57,6.105214589507999,2044-09-05,14.0
TAEEA4,IPCA+,227.4548854171237,243.98084876072852,-16.525963343604815,-0.4445951248374751,8.227936534453562,5.723721533491983,6,2026-09-24,96.89922480620154,1581,44.43234401491798,2053-03-30,19.5
TAEEA7,IPCA+,251.62835439156407,265.7333839034736,-14.10502951190955,-0.3794651619574387,28.93382942559171,10.987137992832682,6,2026-09-24,91.47286821705427,1087,330.0753460864339,2053-03-30,13.166666666666666
TAEEA8,IPCA+,209.57808005181397,226.30686985432922,-16.72878980251525,-0.4500517298743321,11.866844855358408,4.197440490603629,6,2026-09-24,54.263565891472865,261,692.6995123744758,2053-03-30,20.666666666666668
TAEEB0,IPCA+,226.4582475002653,277.77163073880394,-51.31338323853865,-1.3804750471989693,19.897343911734197,6.856067711917037,6,2026-09-24,90.69767441860465,683,76.83718425426899,2053-03-30,12.25
TAEEB4,IPCA+,246.79103418542758,266.6408207447703,-19.849786559342704,-0.5340153641792587,22.543275112246192,10.282378174221105,6,2026-09-24,62.01550387596899,259,15.426526715414001,2053-03-30,17.5
TAEEB8,IPCA+,217.891871232851,245.7872163310938,-27.895345098242785,-0.7504636297730295,11.341022398019135,5.417049391903946,6,2026-09-24,73.64341085271317,565,319.01113616203276,2053-03-30,17.666666666666668
TAEEC4,IPCA+,252.16262356590087,268.0738522043332,-15.911228638432334,-0.4280570237110526,27.21828233820196,10.129329742409604,6,2026-09-24,96.89922480620154,880,28.350800703022998,2053-03-30,14.5
TAEED2,IPCA+,239.9198391592163,262.5649103878408,-22.645071228624516,-0.6092164226988851,14.53351467214523,5.635689164067503,6,2026-09-24,95.34883720930233,865,34.559337205663,2053-03-30,15.916666666666666
TPEN11,IPCA+,233.62176090189348,211.54569661495722,22.07606428693626,0.5939085276604287,34.014752993604816,14.119478180295465,6,2026-09-24,40.310077519379846,366,68.934812724407,2047-02-10,18.416666666666668
TPNO12,IPCA+,237.52959248683987,231.73568584178298,5.793906645056893,0.15587246532000684,19.70122807858118,15.736348592112288,6,2026-09-24,32.55813953488372,96,31.034148372894006,2042-05-10,12.916666666666666
TPNO13,IPCA+,257.55920403517365,315.1875366609276,-57.628332625753956,-1.5503650350185176,39.09703229664592,19.71061596069018,6,2026-09-24,39.53488372093023,155,14.384023889460002,2042-05-10,3.4166666666666665
TRCC11,IPCA+,237.9572884002492,218.66078117551416,19.296507224735052,0.5191305862255986,21.076523804534645,10.36624416845395,6,2026-09-24,46.51162790697674,371,305.906275540613,2047-02-10,18.416666666666668
TRGO11,IPCA+,246.8027685604115,217.51854596766808,29.28422259274342,0.7878283600591113,-23.413416366455806,9.88838667431042,6,2026-09-24,23.25581395348837,83,16.045923971,2046-06-27,14.5
TRPLA4,IPCA+,238.51975292060615,229.70503784616858,8.814715074437572,0.2371407504327368,25.62528133678714,9.833310267264755,6,2026-09-24,96.89922480620154,2190,367.73893873822504,2053-09-29,19.916666666666668
TRPLA7,IPCA+,236.8939769289346,245.93497137974273,-9.040994450808142,-0.24322830523931033,17.80343816645768,6.4264098411973904,6,2026-09-24,96.89922480620154,4141,122.17965697607008,2053-09-29,16.916666666666668
TRPLB4,IPCA+,255.37511993380676,251.6840139020428,3.691106031763951,0.09930118522352287,32.27416091885192,12.114757750536729,6,2026-09-24,96.89922480620154,2360,168.66954983804013,2053-09-29,14.916666666666666
TRPLB7,IPCA+,267.07007444010145,261.8786570323481,5.191417407753363,0.13966380189126607,29.92798707517258,11.731990542408422,6,2026-09-24,95.34883720930233,2987,225.271240515712,2053-09-29,13.916666666666666
XNGU17,IPCA+,237.50147644234727,222.06314598086644,15.438330461480831,0.41533472609694533,44.91433054646305,16.76720632238831,6,2026-09-24,36.434108527131784,212,14.507294516250997,2045-10-22,10.833333333333334
CTEE19,DI+,38.83,51.730000000000004,-12.900000000000006,-0.6610569436414689,0.38999999999999346,0.3392589964417551,6,2026-09-24,,,,,
EDPR13,DI+,63.33,51.730000000000004,11.599999999999994,0.5944388020341886,0.4099999999999966,0.19562719647329155,6,2026-09-24,,,,,
EEELA3,DI+,41.81,51.730000000000004,-9.920000000000002,-0.5083476651878582,-0.3200000000000003,0.17796066981218142,6,2026-09-24,,,,,
EEELA5,DI+,47.0,51.730000000000004,-4.730000000000004,-0.24238754600187207,1.2600000000000051,0.5052788009274368,6,2026-09-24,,,,,
IEAS11,DI+,75.2,51.730000000000004,23.47,1.2027136796329667,5.200000000000003,2.3537239996793713,6,2026-09-24,,,,,
IEPS11,DI+,75.2,51.730000000000004,23.47,1.2027136796329667,5.200000000000003,2.546150034856548,6,2026-09-24,,,,,
ISAEB1,DI+,51.04,51.730000000000004,-0.6900000000000048,-0.03535885977617183,-1.0300000000000082,0.4042276586281555,6,2026-09-24,,,,,
ISAEB3,DI+,44.5,51.730000000000004,-7.230000000000004,-0.37049935678510243,4.359999999999999,2.3848389183898093,6,2026-09-24,,,,,
ISAEC1,DI+,52.42,51.730000000000004,0.6899999999999977,0.03535885977617147,-6.069999999999993,3.1019972061023275,6,2026-09-24,,,,,
ISAED1,DI+,59.81999999999999,51.730000000000004,8.08999999999999,0.41456981969453294,5.359999999999999,2.328533157733999,6,2026-09-24,,,,,
TAEEA5,DI+,38.04,51.730000000000004,-13.690000000000005,-0.7015402758489697,-0.5700000000000003,0.4994964130668683,6,2026-09-24,,,,,
TAEEA6,DI+,38.72,51.730000000000004,-13.010000000000005,-0.6666938633159311,-0.47000000000000597,0.24240462041801197,6,2026-09-24,,,,,
TAEEA9,DI+,48.14,51.730000000000004,-3.5900000000000034,-0.18396856028471897,0.4100000000000037,0.24295404229332615,6,2026-09-24,,,,,
TAEEE2,DI+,23.76,51.730000000000004,-27.970000000000002,-1.4333149390427815,-0.17999999999999972,0.14127986409959478,6,2026-09-24,,,,,
TRPLA3,DI+,105.47999999999999,51.730000000000004,53.749999999999986,2.754403931839452,7.25,3.0071830672574587,6,2026-09-24,,,,,
TRPLA5,DI+,67.21000000000001,51.730000000000004,15.480000000000004,0.7932683323697627,5.6100000000000065,2.2188142478960833,6,2026-09-24,,,,,
TRPLA6,DI+,73.88,51.730000000000004,22.14999999999999,1.1350706435394207,0.09999999999999432,0.39486706623875134,6,2026-09-24,,,,,
TRPLB5,DI+,73.63,51.730000000000004,21.89999999999999,1.1222594624610975,3.109999999999985,2.0719145735285487,6,2026-09-24,,,,,
