emissor,grupo_risco,fonte_grupo,status_grupo
ALUPAR INVESTIMENTO S/A,Alupar,nome do emissor,a confirmar
ARGO TRANSMISSAO DE ENERGIA S.A.,Isolada (a identificar),,a confirmar
BELO MONTE TRANSMISSORA DE ENERGIA SPE S.A.,Isolada (a identificar),,a confirmar
CANTAREIRA TRANSMISSORA DE ENERGIA S/A,Isolada (a identificar),,a confirmar
CPFL TRANSMISSAO S.A,CPFL,nome do emissor,a confirmar
EDF OITI TRANSMISSORA S.A.,Isolada (a identificar),,a confirmar
EDP TRANSMISSAO ALIANCA SC S.A.,EDP,nome do emissor,a confirmar
EDP TRANSMISSAO GOIAS S.A.,EDP,nome do emissor,a confirmar
EDP TRANSMISSAO SP-MG S.A.,EDP,nome do emissor,a confirmar
EDP TRANSMISSÃO S.A.,EDP,nome do emissor,a confirmar
EDTE - EMPRESA DIAMANTINA DE TRANSMISSAO DE ENERGIA S.A.,Isolada (a identificar),,a confirmar
EMPRESA LITORANEA DE TRANSMISSAO DE ENERGIA S.A. - ELTE,Isolada (a identificar),,a confirmar
ENERGISA TRANSMISSAO DE ENERGIA S.A,Energisa,nome do emissor,a confirmar
EQUATORIAL TRANSMISSAO S.A,Equatorial,nome do emissor,a confirmar
EQUATORIAL TRANSMISSORA 1 SPE S.A,Equatorial,nome do emissor,a confirmar
EQUATORIAL TRANSMISSORA 2 SPE S/A,Equatorial,nome do emissor,a confirmar
EQUATORIAL TRANSMISSORA 3 SPE S.A.,Equatorial,nome do emissor,a confirmar
EQUATORIAL TRANSMISSORA 5 SPE S.A.,Equatorial,nome do emissor,a confirmar
EQUATORIAL TRANSMISSORA 7 SPE S.A.,Equatorial,nome do emissor,a confirmar
EQUATORIAL TRANSMISSORA 8 SPE S.A.,Equatorial,nome do emissor,a confirmar
ESPERANZA TRANSMISSORA DE ENERGIA S.A,Isolada (a identificar),,a confirmar
ETB - EMPRESA DE TRANSMISSAO BAIANA S.A.,Isolada (a identificar),,a confirmar
EXTREMOZ TRANSMISSORA DO NORDESTE ETN S.A.,Isolada (a identificar),,a confirmar
INTERLIGACAO ELETRICA AIMORES S.A,ISA,nome do emissor,a confirmar
INTERLIGACAO ELETRICA PARAGUACU S.A,ISA,nome do emissor,a confirmar
ISA ENERGIA BRASIL S.A.,ISA,nome do emissor,a confirmar
JANAUBA TRANSMISSORA DE ENERGIA ELETRICA  S/A,Isolada (a identificar),,a confirmar
LINHAS DE TAUBATE TRANS.DE ENERGIA S/A,Isolada (a identificar),,a confirmar
MATA DE SANTA GENEBRA TRANSMISSÃO S/A,Isolada (a identificar),,a confirmar
MATRINCHA TRANSMISSORA DE ENERGIA  TP NORTE SA,Isolada (a identificar),,a confirmar
NEOENERGIA MORRO DO CHAPEU TRANSMISSAO E ENERGIA S.A.,Neoenergia,nome do emissor,a confirmar
ODOYA TRANSMISSORA DE ENERGIA S.A..,Isolada (a identificar),,a confirmar
PARANAIBA TRANSMISSORA DE ENERGIA S.A.,Isolada (a identificar),,a confirmar
PARINTINS AMAZONAS TRANSMISSORA DE ENERGIA S.A.,Isolada (a identificar),,a confirmar
RIALMA TRANSMISSORA DE ENERGIA V S/A,Isolada (a identificar),,a confirmar
SERRA DE IBIAPABA TRANSMISSORA DE ENERGIA S.A.,Isolada (a identificar),,a confirmar
TCC - TRANSMISSORA CAMINHO DO CAFÉ S.A.,Isolada (a identificar),,a confirmar
TECP - TRANSMISSORA DE ENERGIA CENTRAL PAULISTANA S.A.,Isolada (a identificar),,a confirmar
TPE - TRANSMISSORA PARAÍSO DE ENERGIA S.A.,Isolada (a identificar),,a confirmar
TRANSMISSORA ALIANÇA DE ENERGIA ELÉTRICA S.A.,Taesa,nome do emissor,a confirmar
XINGU RIO TRANSMISSORA DE ENERGIA S.A.,Isolada (a identificar),,a confirmar
