cnpj,razao_social,contrato,tipo,assinatura,fim,uf
33541368000116,AXIA Nordeste,012/2007,CCO-Contrato de Concessão,2007-06-14,2037-06-14,PE
08635011000150,ATE VI,011/2007,CCO-Contrato de Concessão,2007-06-14,2037-06-14,RJ
33541368000116,AXIA Nordeste,010/2007,CCO-Contrato de Concessão,2007-06-14,2037-06-14,PE
08232879000109,ATE V,009/2007,CCO-Contrato de Concessão,2007-06-14,2037-06-14,RJ
07114999000149,EVOLTZ IV,008/2007,CCO-Contrato de Concessão,2007-06-14,2037-06-14,RJ
08626861000191,SPTE,007/2007,CCO-Contrato de Concessão,2007-06-14,2037-06-14,RJ
08600252000163,ETES,006/2007,CCO-Contrato de Concessão,2007-04-20,2037-04-20,SP
08580534000146,IE MINAS GERAIS,004/2007,CCO-Contrato de Concessão,2007-04-20,2037-04-20,SP
08533006000136,RPTE,003/2007,CCO-Contrato de Concessão,2007-04-20,2037-04-20,RJ
08532971000194,PCTE,002/2007,CCO-Contrato de Concessão,2007-04-20,2037-04-20,RJ
08583456000133,JTE,001/2007,CCO-Contrato de Concessão,2007-04-20,2037-04-20,RJ
00001180000126,AXIA,007/2006,CCO-Contrato de Concessão,2006-04-27,2036-04-27,RJ
07752818000100,STC,006/2006,CCO-Contrato de Concessão,2006-04-27,2036-04-27,SC
02016507000169,AXIA Sul,005/2006,CCO-Contrato de Concessão,2006-04-27,2036-04-27,SC
31001230000107,CRTE,004/2006,CCO-Contrato de Concessão,2006-04-27,2036-04-27,RJ
07762066000168,SMTE,003/2006,CCO-Contrato de Concessão,2006-04-27,2036-04-27,RJ
07799081000180,INTESA,002/2006,CCO-Contrato de Concessão,2006-04-27,2036-04-27,RJ
07859971000130,TAESA,001/2006,CCO-Contrato de Concessão,2006-04-27,2036-04-27,RJ
07153003000104,TRANSIRAPÉ,012/2005,CCO-Contrato de Concessão,2005-03-15,2035-03-15,SP
07859971000130,TAESA,011/2005,CCO-Contrato de Concessão,2005-03-15,2035-03-15,RJ
02016507000169,AXIA Sul,010/2005,CCO-Contrato de Concessão,2005-03-04,2035-03-04,SC
07081291000139,PPTE,009/2005,CCO-Contrato de Concessão,2005-03-04,2035-03-04,RJ
33541368000116,AXIA Nordeste,008/2005,CCO-Contrato de Concessão,2005-03-04,2035-03-04,PE
33541368000116,AXIA Nordeste,007/2005,CCO-Contrato de Concessão,2005-03-04,2035-03-04,PE
00001180000126,AXIA,006/2005,CCO-Contrato de Concessão,2005-03-04,2035-03-04,RJ
07085630000155,TRANSUDESTE,005/2005,CCO-Contrato de Concessão,2005-03-04,2035-03-04,SP
07070850000105,Centroeste,004/2005,CCO-Contrato de Concessão,2005-03-04,2035-03-04,MG
07072909000102,VCTE,003/2005,CCO-Contrato de Concessão,2005-03-04,2035-03-04,RJ
07003112000145,UIRAPURU,002/2005,CCO-Contrato de Concessão,2005-03-04,2035-03-04,PR
07081467000152,ITE,001/2005,CCO-Contrato de Concessão,2005-03-04,2035-03-04,RJ
05974828000164,TRANSLESTE,009/2004,CCO-Contrato de Concessão,2004-02-18,2034-02-18,MG
06001492000116,AETE,008/2004,CCO-Contrato de Concessão,2004-02-18,2034-02-18,MT
05973734000170,LUMITRANS,007/2004,CCO-Contrato de Concessão,2004-02-18,2034-02-18,SC
07859971000130,TAESA,006/2004,CCO-Contrato de Concessão,2004-02-18,2034-02-18,RJ
05991437000158,STN,005/2004,CCO-Contrato de Concessão,2004-02-18,2034-02-18,PE
02016507000169,AXIA Sul,004/2004,CCO-Contrato de Concessão,2004-02-18,2034-02-18,SC
07859971000130,TAESA,003/2004,CCO-Contrato de Concessão,2004-02-18,2034-02-18,RJ
07859971000130,TAESA,087/2002,CCO-Contrato de Concessão,2002-12-11,2032-12-11,RJ
04689936000122,ETIM,086/2002,CCO-Contrato de Concessão,2002-12-20,2032-12-20,RJ
05321987000160,ENTE,085/2002,CCO-Contrato de Concessão,2002-12-11,2032-12-11,SP
05336882000184,CPTE,084/2002,CCO-Contrato de Concessão,2002-12-20,2032-12-20,RJ
05321920000125,ERTE,083/2002,CCO-Contrato de Concessão,2002-12-11,2032-12-11,SP
05063249000160,ETAU,082/2002,CCO-Contrato de Concessão,2002-12-18,2032-12-18,RJ
07859971000130,TAESA,081/2002,CCO-Contrato de Concessão,2002-12-19,2032-12-19,RJ
92715812000131,CPFL Transmissão,080/2002,CCO-Contrato de Concessão,2002-12-18,2032-12-18,RS
07859971000130,TAESA,002/2002,CCO-Contrato de Concessão,2002-01-21,2032-01-21,RJ
07859971000130,TAESA,001/2002,CCO-Contrato de Concessão,2002-01-21,2032-01-21,RJ
32318927000160,IE JAGUAR 6,143/2001,CCO-Contrato de Concessão,2001-12-21,2031-12-21,SP
04370282000170,COPEL-GT,075/2001,CCO-Contrato de Concessão,2001-08-17,2031-08-17,PR
07779299000173,EDP GOIÁS,063/2001,CCO-Contrato de Concessão,2013-01-01,2043-01-01,SP
00001180000126,AXIA,062/2001,CCO-Contrato de Concessão,2013-01-01,2043-01-01,RJ
33541368000116,AXIA Nordeste,061/2001,CCO-Contrato de Concessão,2013-01-01,2043-01-01,PE
04370282000170,COPEL-GT,060/2001,CCO-Contrato de Concessão,2013-01-01,2043-01-01,PR
02998611000104,ISA ENERGIA BRASIL,059/2001,CCO-Contrato de Concessão,2013-01-01,2043-01-01,SP
00357038000116,AXIA Norte,058/2001,CCO-Contrato de Concessão,2013-01-01,2043-01-01,DF
02016507000169,AXIA Sul,057/2001,CCO-Contrato de Concessão,2013-01-01,2043-01-01,SC
92715812000131,CPFL Transmissão,055/2001,CCO-Contrato de Concessão,2013-01-01,2043-01-01,RS
04416923000180,ETEP,043/2001,CCO-Contrato de Concessão,2001-06-12,2031-06-12,SP
04416935000104,EATE,042/2001,CCO-Contrato de Concessão,2001-06-12,2031-06-12,SP
00001180000126,AXIA,034/2001,CCO-Contrato de Concessão,2001-05-09,2031-05-09,RJ
07859971000130,TAESA,097/2000,CCO-Contrato de Concessão,2000-12-20,2030-12-20,RJ
04100850000112,ETEE,096/2000,CCO-Contrato de Concessão,2000-12-20,2030-12-20,RJ
07859971000130,TAESA,095/2000,CCO-Contrato de Concessão,2000-12-20,2030-12-20,RJ
03984987000114,ECTE,088/2000,CCO-Contrato de Concessão,2000-11-01,2030-11-01,SC
06981176000158,CEMIG-GT,079/2000,CCO-Contrato de Concessão,2000-10-04,2030-10-04,MG
07859971000130,TAESA,040/2000,CCO-Contrato de Concessão,2000-05-12,2030-05-12,RJ
06981176000158,CEMIG-GT,006/1997,CCO-Contrato de Concessão,2013-01-01,2043-01-01,MG
00000000000000,,032/2018,CCO-Contrato de Concessão,1996-06-04,2026-06-03,
08543286000163,EVRECY,020/2008,CCO-Contrato de Concessão,1995-07-17,2025-07-17,SP
10338320000100,AFLUENTE T,001/2010,CCO-Contrato de Concessão,1997-04-12,2027-08-08,SP
09276712000102,IENNE,001/2008,CCO-Contrato de Concessão,2008-03-17,2038-03-17,SP
09250729000190,IRACEMA,002/2008,CCO-Contrato de Concessão,2008-03-17,2038-03-17,RJ
08806925000136,ATE VII,013/2007,CCO-Contrato de Concessão,2007-10-09,2037-10-09,RJ
02016507000169,AXIA Sul,004/2008,CCO-Contrato de Concessão,2008-03-17,2038-03-17,SC
33541368000116,AXIA Nordeste,005/2008,CCO-Contrato de Concessão,2008-03-17,2038-03-17,PE
04370282000170,COPEL-GT,006/2008,CCO-Contrato de Concessão,2008-03-17,2038-03-17,PR
00357038000116,AXIA Norte,007/2008,CCO-Contrato de Concessão,2008-03-17,2038-03-17,DF
09274998000197,BRASNORTE,003/2008,CCO-Contrato de Concessão,2008-03-17,2038-03-17,RJ
10319371000194,EBTE,011/2008,CCO-Contrato de Concessão,2008-10-16,2038-10-16,SP
10240186000100,LXTE,008/2008,CCO-Contrato de Concessão,2008-10-16,2038-10-16,DF
10234027000100,LMTE,009/2008,CCO-Contrato de Concessão,2008-10-16,2038-10-16,DF
09584854000137,MANAUS TR,010/2008,CCO-Contrato de Concessão,2008-10-16,2038-10-16,RJ
10242700000146,COQUEIROS,019/2008,CCO-Contrato de Concessão,2008-10-16,2038-10-16,RJ
33541368000116,AXIA Nordeste,014/2008,CCO-Contrato de Concessão,2008-10-16,2038-10-16,PE
10261111000105,IESUL,016/2008,CCO-Contrato de Concessão,2008-10-16,2038-10-16,SP
10242524000142,PEDRAS,017/2008,CCO-Contrato de Concessão,2008-10-16,2038-10-16,RJ
10260820000176,IE PINHEIROS,018/2008,CCO-Contrato de Concessão,2008-10-16,2038-10-16,SP
10261111000105,IESUL,013/2008,CCO-Contrato de Concessão,2008-10-16,2038-10-16,SP
32578582000184,IE JAGUAR 8,012/2008,CCO-Contrato de Concessão,2008-10-16,2038-10-16,SP
32318903000101,IE JAGUAR 9,015/2008,CCO-Contrato de Concessão,2008-10-16,2038-10-16,SP
00357038000116,AXIA Norte,001/2009,CCO-Contrato de Concessão,2009-01-28,2039-01-28,DF
00357038000116,AXIA Norte,002/2009,CCO-Contrato de Concessão,2009-01-28,2039-01-28,DF
00001180000126,AXIA,003/2009,CCO-Contrato de Concessão,2009-01-28,2039-01-28,RJ
10337920000153,NARANDIBA,004/2009,CCO-Contrato de Concessão,2009-01-28,2039-01-28,RJ
02016507000169,AXIA Sul,005/2009,CCO-Contrato de Concessão,2009-01-28,2039-01-28,SC
33541368000116,AXIA Nordeste,006/2009,CCO-Contrato de Concessão,2009-01-28,2039-01-28,PE
00357038000116,AXIA Norte,010/2009,CCO-Contrato de Concessão,2009-02-26,2039-02-26,DF
10542732000167,CATXERÊ,011/2009,CCO-Contrato de Concessão,2009-02-26,2039-02-26,RJ
00357038000116,AXIA Norte,012/2009,CCO-Contrato de Concessão,2009-02-26,2039-02-26,DF
10562611000187,IEMADEIRA,013/2009,CCO-Contrato de Concessão,2009-02-26,2039-02-26,SP
10542659000123,ARARAQUARA,014/2009,CCO-Contrato de Concessão,2009-02-26,2039-02-26,RJ
10562611000187,IEMADEIRA,015/2009,CCO-Contrato de Concessão,2009-02-26,2039-02-26,SP
09625321000156,NBTE,016/2009,CCO-Contrato de Concessão,2009-02-26,2039-02-26,RJ
33541368000116,AXIA Nordeste,018/2009,CCO-Contrato de Concessão,2009-08-03,2039-08-03,PE
33541368000116,AXIA Nordeste,017/2009,CCO-Contrato de Concessão,2009-08-03,2039-08-03,PE
10559663000102,ITATIM,007/2009,CCO-Contrato de Concessão,2009-04-23,2039-04-23,RJ
10552848000187,BRILHANTE,008/2009,CCO-Contrato de Concessão,2009-04-27,2039-04-27,RJ
10553895000145,TER,009/2009,CCO-Contrato de Concessão,2009-04-23,2040-05-26,RJ
10938103000150,TPAE,019/2009,CCO-Contrato de Concessão,2009-11-19,2039-11-19,RS
00357038000116,AXIA Norte,021/2009,CCO-Contrato de Concessão,2009-11-19,2039-11-19,DF
00357038000116,AXIA Norte,022/2009,CCO-Contrato de Concessão,2009-11-19,2039-11-19,DF
10994254000126,TME,023/2009,CCO-Contrato de Concessão,2009-11-19,2039-11-19,MT
10997565000149,TSP,024/2009,CCO-Contrato de Concessão,2009-11-19,2039-11-19,RJ
11004138000185,ESDE,025/2009,CCO-Contrato de Concessão,2009-11-19,2039-11-19,SP
10960725000185,IEJAPI,026/2009,CCO-Contrato de Concessão,2009-11-19,2039-11-19,SP
04370282000170,COPEL-GT,027/2009,CCO-Contrato de Concessão,2009-11-19,2039-11-19,PR
00001180000126,AXIA,028/2009,CCO-Contrato de Concessão,2009-11-19,2039-11-19,RJ
11708279000189,GOIAS,002/2010,CCO-Contrato de Concessão,2010-07-12,2040-07-12,RJ
11620646000198,MONTESCLAROS,003/2010,CCO-Contrato de Concessão,2010-07-12,2040-07-12,RJ
33541368000116,AXIA Nordeste,004/2010,CCO-Contrato de Concessão,2010-07-12,2040-07-12,PE
11589522000197,ETEM,005/2010,CCO-Contrato de Concessão,2010-07-12,2040-07-12,SP
00001180000126,AXIA,006/2010,CCO-Contrato de Concessão,2010-07-12,2040-07-12,RJ
33541368000116,AXIA Nordeste,007/2010,CCO-Contrato de Concessão,2010-07-12,2040-07-12,PE
11638929000167,MGE,008/2010,CCO-Contrato de Concessão,2010-07-12,2040-07-12,RJ
00357038000116,AXIA Norte,009/2010,CCO-Contrato de Concessão,2010-07-12,2040-07-12,DF
04370282000170,COPEL-GT,010/2010,CCO-Contrato de Concessão,2010-10-06,2040-10-06,PR
02016507000169,AXIA Sul,011/2010,CCO-Contrato de Concessão,2010-10-06,2040-10-06,SC
02016507000169,AXIA Sul,012/2010,CCO-Contrato de Concessão,2010-10-06,2040-10-06,SC
04370282000170,COPEL-GT,015/2010,CCO-Contrato de Concessão,2010-10-06,2040-10-06,PR
33541368000116,AXIA Nordeste,013/2010,CCO-Contrato de Concessão,2010-10-06,2040-10-06,PE
33541368000116,AXIA Nordeste,014/2010,CCO-Contrato de Concessão,2010-10-06,2040-10-06,PE
12402255000160,ATLÂNTICO,016/2010,CCO-Contrato de Concessão,2010-12-22,2040-12-22,RJ
12285462000181,ENCRUZO,017/2010,CCO-Contrato de Concessão,2010-12-13,2040-12-13,RJ
12385102000151,ETVG,018/2010,CCO-Contrato de Concessão,2010-12-23,2040-12-23,MT
33541368000116,AXIA Nordeste,019/2010,CCO-Contrato de Concessão,2010-11-23,2040-11-23,PE
33541368000116,AXIA Nordeste,020/2010,CCO-Contrato de Concessão,2010-11-23,2040-11-23,PE
33541368000116,AXIA Nordeste,021/2010,CCO-Contrato de Concessão,2010-11-23,2040-11-23,PE
02016507000169,AXIA Sul,002/2011,CCO-Contrato de Concessão,2011-06-16,2041-06-16,SC
13317273000106,CALDAS NOVAS,003/2011,CCO-Contrato de Concessão,2011-06-16,2041-06-16,GO
13227009000181,LTC,005/2011,CCO-Contrato de Concessão,2011-06-16,2041-06-16,RJ
13279118000142,SLTE,006/2011,CCO-Contrato de Concessão,2011-06-16,2041-06-16,RJ
10515756000127,EVOLTZ VIII,007/2011,CCO-Contrato de Concessão,2011-06-16,2041-06-16,RJ
00357038000116,AXIA Norte,004/2011,CCO-Contrato de Concessão,2011-06-28,2041-06-28,DF
13289882000107,TESB,001/2011,CCO-Contrato de Concessão,2011-07-27,2041-07-27,RS
33541368000116,AXIA Nordeste,008/2011,CCO-Contrato de Concessão,2011-10-13,2041-10-13,PE
33541368000116,AXIA Nordeste,009/2011,CCO-Contrato de Concessão,2011-10-13,2041-10-13,PE
33541368000116,AXIA Nordeste,010/2011,CCO-Contrato de Concessão,2011-10-13,2041-10-13,PE
00357038000116,AXIA Norte,012/2011,CCO-Contrato de Concessão,2011-12-09,2041-12-09,DF
00357038000116,AXIA Norte,013/2011,CCO-Contrato de Concessão,2011-12-09,2041-12-09,DF
00001180000126,AXIA,014/2011,CCO-Contrato de Concessão,2011-12-09,2041-12-09,RJ
33541368000116,AXIA Nordeste,017/2011,CCO-Contrato de Concessão,2011-12-09,2041-12-09,PE
14395590000103,LTTE,020/2011,CCO-Contrato de Concessão,2011-12-09,2041-12-09,DF
27819377000123,IE ITAPURA,021/2011,CCO-Contrato de Concessão,2011-12-09,2041-12-09,SP
14432763000116,IEGARANHUNS,022/2011,CCO-Contrato de Concessão,2011-12-09,2041-12-09,PE
14507191000197,COSTA OESTE,001/2012,CCO-Contrato de Concessão,2012-01-12,2042-01-12,PR
14556893000160,ETTM,002/2012,CCO-Contrato de Concessão,2012-01-18,2042-01-18,MG
14683671000109,TRANSNORTE,003/2012,CCO-Contrato de Concessão,2012-01-25,2051-09-28,DF
02016507000169,AXIA Sul,004/2012,CCO-Contrato de Concessão,2012-05-10,2042-05-10,SC
33541368000116,AXIA Nordeste,005/2012,CCO-Contrato de Concessão,2012-05-10,2042-05-10,PE
00357038000116,AXIA Norte,014/2012,CCO-Contrato de Concessão,2012-05-07,2042-05-07,DF
14929924000181,ETSE,006/2012,CCO-Contrato de Concessão,2012-05-10,2042-05-10,SP
14832534000199,CAIUÁ-T,007/2012,CCO-Contrato de Concessão,2012-05-10,2042-05-10,RJ
14820785000153,MARUMBI,008/2012,CCO-Contrato de Concessão,2012-05-10,2042-05-10,PR
10337920000153,NARANDIBA,009/2012,CCO-Contrato de Concessão,2012-05-10,2042-05-10,RJ
14863121000171,LUZIANIA-NIQUELÂ,010/2012,CCO-Contrato de Concessão,2012-05-10,2042-05-10,RJ
14871900000119,MARANHENSE,011/2012,CCO-Contrato de Concessão,2012-05-10,2042-05-10,RJ
15286382000139,TP NORTE,012/2012,CCO-Contrato de Concessão,2012-05-10,2042-05-10,RJ
15286437000100,TP SUL,013/2012,CCO-Contrato de Concessão,2012-05-10,2042-05-10,RJ
00001180000126,AXIA,016/2012,CCO-Contrato de Concessão,2012-05-10,2042-05-10,RJ
33541368000116,AXIA Nordeste,017/2012,CCO-Contrato de Concessão,2012-06-01,2042-06-01,PE
33541368000116,AXIA Nordeste,018/2012,CCO-Contrato de Concessão,2012-06-01,2042-06-01,PE
33541368000116,AXIA Nordeste,019/2012,CCO-Contrato de Concessão,2012-06-01,2042-06-01,PE
02016507000169,AXIA Sul,020/2012,CCO-Contrato de Concessão,2012-08-27,2042-10-08,SC
10552848000187,BRILHANTE,021/2012,CCO-Contrato de Concessão,2012-08-27,2042-08-27,RJ
04370282000170,COPEL-GT,022/2012,CCO-Contrato de Concessão,2012-08-27,2042-08-27,PR
10337920000153,NARANDIBA,023/2012,CCO-Contrato de Concessão,2012-08-27,2042-08-27,RJ
15867360000162,SÃO GOTARDO,024/2012,CCO-Contrato de Concessão,2012-08-27,2042-08-27,RJ
04370282000170,COPEL-GT,002/2013,CCO-Contrato de Concessão,2013-02-25,2043-02-25,PR
17079395000162,PIRACICABA,003/2013,CCO-Contrato de Concessão,2013-02-25,2043-02-25,RS
17553029000101,PARANAÍBA,007/2013,CCO-Contrato de Concessão,2013-05-02,2043-05-02,RJ
18314074000168,SJT/SÃO JOÃO,008/2013,CCO-Contrato de Concessão,2013-08-01,2043-08-01,RJ
17873542000171,POTIGUAR,011/2013,CCO-Contrato de Concessão,2013-08-01,2043-08-01,SP
17261505000102,TMT,004/2013,CCO-Contrato de Concessão,2013-08-14,2043-08-14,RJ
18748842000191,VSB,014/2013,CCO-Contrato de Concessão,2013-10-09,2043-10-09,RJ
18707010000127,SPT/SÃO PEDRO,015/2013,CCO-Contrato de Concessão,2013-10-09,2043-10-09,RJ
18726961000143,PANTANAL,018/2013,CCO-Contrato de Concessão,2013-10-09,2043-10-09,GO
04370282000170,COPEL-GT,005/2014,CCO-Contrato de Concessão,2014-01-29,2044-01-29,PR
02016507000169,AXIA Sul,007/2014,CCO-Contrato de Concessão,2014-01-29,2044-01-29,SC
02016507000169,AXIA Sul,008/2014,CCO-Contrato de Concessão,2014-01-29,2044-01-29,SC
19389560000108,RONDON,010/2014,CCO-Contrato de Concessão,2014-01-29,2044-01-29,RJ
19486977000199,MARIANA,011/2014,CCO-Contrato de Concessão,2014-05-02,2046-10-02,RJ
19699063000106,GENEBRA,001/2014,CCO-Contrato de Concessão,2014-05-14,2044-05-14,RJ
19698987000198,LAZ,003/2014,CCO-Contrato de Concessão,2014-05-14,2044-05-14,GO
20223016000170,BMTE,014/2014,CCO-Contrato de Concessão,2014-06-16,2044-06-16,RJ
20626892000148,ELTE,016/2014,CCO-Contrato de Concessão,2014-09-05,2044-09-05,SP
20514590000188,ARGO V,017/2014,CCO-Contrato de Concessão,2014-09-05,2044-09-05,SP
20514555000169,ARGO VI,018/2014,CCO-Contrato de Concessão,2014-09-05,2044-09-05,SP
20732109000120,CANTAREIRA,019/2014,CCO-Contrato de Concessão,2014-09-05,2044-09-05,RJ
04370282000170,COPEL-GT,021/2014,CCO-Contrato de Concessão,2014-09-05,2044-09-05,PR
04370282000170,COPEL-GT,022/2014,CCO-Contrato de Concessão,2014-09-05,2044-09-05,PR
07779299000173,EDP GOIÁS,003/2015,CCO-Contrato de Concessão,2015-03-06,2045-03-29,SP
21986001000127,MORRO AGUDO,006/2015,CCO-Contrato de Concessão,2015-03-27,2045-03-27,SP
21728083000100,ARGO VII,005/2015,CCO-Contrato de Concessão,2015-03-27,2045-03-27,SP
23093056000133,XRTE,007/2015,CCO-Contrato de Concessão,2015-10-22,2045-10-22,RJ
07779299000173,EDP GOIÁS,004/2016,CCO-Contrato de Concessão,2016-01-20,2046-01-20,SP
23791563000140,SANTA MARIA,003/2016,CCO-Contrato de Concessão,2016-01-18,2046-01-18,RJ
24081843000128,SANTA LUCIA,007/2016,CCO-Contrato de Concessão,2016-03-11,2046-03-11,RJ
04370282000170,COPEL-GT,006/2016,CCO-Contrato de Concessão,2016-04-07,2046-04-07,PR
24253735000195,Firminópolis,008/2016,CCO-Contrato de Concessão,2016-04-07,2046-04-07,GO
24176892000144,MANTIQUEIRA,005/2016,CCO-Contrato de Concessão,2016-06-03,2046-06-03,RJ
24950223000188,PARANAITA,022/2016,CCO-Contrato de Concessão,2016-06-27,2046-06-27,DF
24905442000145,AGUA AZUL,019/2016,CCO-Contrato de Concessão,2016-06-27,2046-06-27,SP
24917078000133,CAMPITIBA,014/2016,CCO-Contrato de Concessão,2016-06-27,2046-06-27,SP
24624490000165,ARGO,009/2016,CCO-Contrato de Concessão,2016-06-27,2046-06-27,SP
07859971000130,TAESA,017/2016,CCO-Contrato de Concessão,2016-06-27,2046-06-27,RJ
25022221000191,LITORAL SUL,018/2016,CCO-Contrato de Concessão,2016-06-27,2046-06-27,SP
25224658000108,ETC,020/2016,CCO-Contrato de Concessão,2016-09-02,2046-09-02,SP
24870961000115,ETB,011/2016,CCO-Contrato de Concessão,2016-09-29,2046-09-29,SP
24875996000147,PRTE,010/2016,CCO-Contrato de Concessão,2016-08-25,2046-08-25,RJ
25224629000146,ETAP,013/2016,CCO-Contrato de Concessão,2016-09-02,2046-09-02,SP
24876026000166,CANARANA,016/2016,CCO-Contrato de Concessão,2016-08-25,2046-08-25,RJ
25298162000189,ONTE,021/2016,CCO-Contrato de Concessão,2016-10-05,2046-10-05,SP
02998611000104,ISA ENERGIA BRASIL,012/2016,CCO-Contrato de Concessão,2016-11-21,2046-11-21,SP
24870962000160,EDTE,015/2016,CCO-Contrato de Concessão,2016-12-01,2046-12-01,SP
26796739000145,TPE,002/2017,CCO-Contrato de Concessão,2017-02-10,2047-02-10,SP
26712591000113,IE PARAGUAÇÚ,003/2017,CCO-Contrato de Concessão,2017-02-10,2047-06-28,RJ
26707830000147,AIMORÉS,004/2017,CCO-Contrato de Concessão,2017-02-10,2047-04-06,RJ
26855869000101,ÁGUA VERMELHA,005/2017,CCO-Contrato de Concessão,2017-02-10,2047-02-10,RJ
26845650000121,Barreiras,007/2017,CCO-Contrato de Concessão,2017-02-10,2047-02-10,RJ
26845497000132,Buritirama,008/2017,CCO-Contrato de Concessão,2017-02-10,2047-02-10,RJ
26845393000128,Jaíba,012/2017,CCO-Contrato de Concessão,2017-02-10,2047-02-10,RJ
24691572000122,ARGO II,016/2017,CCO-Contrato de Concessão,2017-02-10,2047-02-10,SP
23776376000198,ARGO IX,017/2017,CCO-Contrato de Concessão,2017-02-10,2047-02-10,SP
25197233000157,IE ITAUNAS,018/2017,CCO-Contrato de Concessão,2017-02-10,2047-02-10,SP
26643937000179,ESTE,019/2017,CCO-Contrato de Concessão,2017-02-10,2047-02-10,SP
26845702000160,BELEM,020/2017,CCO-Contrato de Concessão,2017-02-10,2047-02-10,RJ
24870139000154,TROPICALIA,001/2017,CCO-Contrato de Concessão,2017-02-10,2047-02-10,RJ
26885182000119,SERTANEJA,009/2017,CCO-Contrato de Concessão,2017-02-10,2047-02-10,SP
04705039000165,HORIZON ES,021/2017,CCO-Contrato de Concessão,2017-02-10,2047-02-10,SP
26796760000140,TCC,006/2017,CCO-Contrato de Concessão,2017-02-10,2047-02-10,SP
26845460000104,Vale do Sertão,010/2017,CCO-Contrato de Concessão,2017-02-10,2047-02-10,RJ
26845283000166,Alto Sertão,013/2017,CCO-Contrato de Concessão,2017-02-10,2047-02-10,RJ
26845173000102,PJUS,014/2017,CCO-Contrato de Concessão,2017-02-10,2047-02-10,RJ
26617923000180,JANAUBA,015/2017,CCO-Contrato de Concessão,2017-02-10,2047-02-10,RJ
26896005000138,ARGO VIII,011/2017,CCO-Contrato de Concessão,2017-02-10,2047-02-10,SP
27967244000102,Tapajós,048/2017,CCO-Contrato de Concessão,2017-07-21,2047-07-21,RJ
27853556000187,SOBRAL,044/2017,CCO-Contrato de Concessão,2017-07-31,2047-07-31,RJ
27848099000132,ATIBAIA,038/2017,CCO-Contrato de Concessão,2017-07-31,2047-07-31,RJ
27853497000147,NEO BIGUAÇU,040/2017,CCO-Contrato de Concessão,2017-07-31,2047-07-31,RJ
27847973000117,DOURADOS,025/2017,CCO-Contrato de Concessão,2017-07-31,2047-07-31,RJ
28092478000108,TAESA JATOBA,024/2017,CCO-Contrato de Concessão,2017-08-11,2047-08-11,MG
27966089000100,IE ITAQUERÊ,027/2017,CCO-Contrato de Concessão,2017-08-11,2047-08-11,SP
28008887000183,ARCOVERDE,035/2017,CCO-Contrato de Concessão,2017-08-11,2047-08-11,RJ
27965298000120,CGI,041/2017,CCO-Contrato de Concessão,2017-08-11,2047-08-11,SP
32318927000160,IE JAGUAR 6,042/2017,CCO-Contrato de Concessão,2017-08-11,2047-08-11,SP
28091111000170,TAESA BURITI,043/2017,CCO-Contrato de Concessão,2017-08-11,2047-08-11,MG
27828394000127,IE AGUAPEÍ,046/2017,CCO-Contrato de Concessão,2017-08-11,2047-08-11,SP
27965588000174,ARGO IV,047/2017,CCO-Contrato de Concessão,2017-08-11,2047-08-11,SP
28052123000195,IVAÍ,022/2017,CCO-Contrato de Concessão,2017-08-11,2047-08-11,SP
27965273000127,LAGOA NOVA,030/2017,CCO-Contrato de Concessão,2017-08-11,2047-08-11,RJ
24100518000165,LEST,033/2017,CCO-Contrato de Concessão,2017-08-11,2047-08-11,RJ
28056960000192,GUAIRA,023/2017,CCO-Contrato de Concessão,2017-08-11,2047-08-11,PR
28008699000155,TSM,037/2017,CCO-Contrato de Concessão,2017-08-11,2047-08-11,SP
28008733000191,VINEYARDS,031/2017,CCO-Contrato de Concessão,2017-08-11,2047-08-11,SP
27847022000148,ARGO III,049/2017,CCO-Contrato de Concessão,2017-08-11,2047-08-11,SP
27960581000160,BRLIG,052/2017,CCO-Contrato de Concessão,2017-08-11,2047-08-11,RS
27967152000114,IE TIBAGI,026/2017,CCO-Contrato de Concessão,2017-08-11,2047-08-11,SP
28228019000109,ARTEON,029/2017,CCO-Contrato de Concessão,2017-08-11,2047-08-11,DF
28285505000169,CASTANHAL,051/2017,CCO-Contrato de Concessão,2017-08-11,2047-08-11,SP
28127806000164,ETENE,034/2017,CCO-Contrato de Concessão,2017-08-11,2047-08-11,SP
27821748000101,TRANSMISSORA SP-MG,036/2017,CCO-Contrato de Concessão,2017-08-11,2047-08-11,SP
27831352000145,ALIANÇA,039/2017,CCO-Contrato de Concessão,2017-08-11,2047-08-11,SP
27821761000160,HORIZON MA I,028/2017,CCO-Contrato de Concessão,2017-08-11,2047-08-11,SP
28454067000115,Z2,045/2017,CCO-Contrato de Concessão,2017-08-11,2047-08-11,DF
27821764000102,HORIZON MA II,032/2017,CCO-Contrato de Concessão,2017-08-11,2047-08-11,SP
28209035000154,ETEPA,050/2017,CCO-Contrato de Concessão,2017-09-13,2047-09-13,MT
27093940000129,GRALHA AZUL,001/2018,CCO-Contrato de Concessão,2018-03-08,2048-03-08,SC
29554549000100,SITE,002/2018,CCO-Contrato de Concessão,2018-03-08,2048-03-08,RJ
29411968000192,Novo Estado,003/2018,CCO-Contrato de Concessão,2018-03-08,2048-03-08,SP
28443567000151,JALAPÃO,004/2018,CCO-Contrato de Concessão,2018-03-08,2048-03-08,SP
29740261000120,ASSÚ,005/2018,CCO-Contrato de Concessão,2018-03-08,2048-03-08,PR
28443625000147,SANTA LUZIA,006/2018,CCO-Contrato de Concessão,2018-03-08,2048-03-08,PB
29568539000123,LINHA VERDE I,007/2018,CCO-Contrato de Concessão,2018-03-08,2048-03-08,MG
29532071000117,LINHA VERDE II,008/2018,CCO-Contrato de Concessão,2018-03-08,2048-03-08,RJ
28594202000128,Z3,009/2018,CCO-Contrato de Concessão,2018-03-08,2048-03-08,DF
29774616000100,BRE,010/2018,CCO-Contrato de Concessão,2018-03-08,2048-03-08,SP
29774606000166,ITAMARACA,011/2018,CCO-Contrato de Concessão,2018-03-08,2051-02-10,SP
28218051000103,IE BIGUAÇU,012/2018,CCO-Contrato de Concessão,2018-09-21,2048-09-21,SP
31484507000191,LAGOS,013/2018,CCO-Contrato de Concessão,2018-09-21,2048-09-21,SP
31095265000144,DUNAS,014/2018,CCO-Contrato de Concessão,2018-09-21,2048-09-21,RJ
31109417000110,BORBOREMA,015/2018,CCO-Contrato de Concessão,2018-09-21,2048-09-21,SP
31188415000164,BRE 2,016/2018,CCO-Contrato de Concessão,2018-09-21,2048-09-21,SP
31318293000183,FS,017/2018,CCO-Contrato de Concessão,2018-09-21,2048-09-21,SP
31095252000175,SÃO FRANCISCO,018/2018,CCO-Contrato de Concessão,2018-09-21,2048-09-21,SP
31260687000128,BRE 3,019/2018,CCO-Contrato de Concessão,2018-09-21,2048-09-21,SP
31161310000111,MARACANAÚ,020/2018,CCO-Contrato de Concessão,2018-09-21,2048-09-21,SP
27819377000123,IE ITAPURA,021/2018,CCO-Contrato de Concessão,2018-09-21,2048-09-21,SP
31326856000185,COLINAS,022/2018,CCO-Contrato de Concessão,2018-09-21,2048-09-21,SP
31095289000101,GOYAZ,023/2018,CCO-Contrato de Concessão,2018-09-21,2048-09-21,SP
31231893000100,MEZ 3,024/2018,CCO-Contrato de Concessão,2018-09-21,2048-09-21,SP
31231479000109,MEZ 4,025/2018,CCO-Contrato de Concessão,2018-09-21,2048-09-21,SP
31096307000161,MARITUBA,026/2018,CCO-Contrato de Concessão,2018-09-21,2048-09-21,SP
31326865000176,SIMÕES,028/2018,CCO-Contrato de Concessão,2018-09-21,2048-09-21,SP
31254573000175,MATA GRANDE,029/2018,CCO-Contrato de Concessão,2018-09-21,2048-09-21,SP
28201009000180,TAESA AROEIRA,030/2018,CCO-Contrato de Concessão,2018-09-21,2048-09-21,MG
31095322000195,SOLARIS,031/2018,CCO-Contrato de Concessão,2018-09-21,2048-09-21,SP
28443452000167,VALE DO ITAJAÍ,001/2019,CCO-Contrato de Concessão,2019-03-22,2049-03-22,SP
28438913000103,GUANABARA,002/2019,CCO-Contrato de Concessão,2019-03-22,2049-03-22,SP
28439049000164,ITABAPOANA,003/2019,CCO-Contrato de Concessão,2019-03-22,2049-06-20,SP
32655445000104,TAESA CAJUI,004/2019,CCO-Contrato de Concessão,2019-03-22,2049-03-22,RJ
33062635000172,CPFL SUL I,005/2019,CCO-Contrato de Concessão,2019-03-22,2049-03-22,SP
32668008000117,AMAPAR,007/2019,CCO-Contrato de Concessão,2019-03-22,2049-03-22,SP
32398119000150,CHIMARRÃO,010/2019,CCO-Contrato de Concessão,2019-03-22,2049-03-22,RJ
33062600000133,CPFL SUL II,011/2019,CCO-Contrato de Concessão,2019-03-22,2049-03-22,RS
07859971000130,TAESA,012/2019,CCO-Contrato de Concessão,2019-03-22,2049-03-22,RJ
32184487000104,PAMPA,013/2019,CCO-Contrato de Concessão,2019-03-22,2049-03-22,RJ
28439014000125,LAGOA DOS PATOS,014/2019,CCO-Contrato de Concessão,2019-03-22,2049-03-22,SP
32667691000178,PARINTINS,016/2019,CCO-Contrato de Concessão,2019-03-22,2049-03-22,RJ
08543286000163,EVRECY,001/2020,CCO-Contrato de Concessão,2020-03-20,2050-03-20,SP
36243890000100,MEZ 2,002/2020,CCO-Contrato de Concessão,2020-03-20,2050-03-20,SP
36238971000111,RIO-MINAS,003/2020,CCO-Contrato de Concessão,2020-03-20,2050-03-20,SP
36409559000117,TRL,004/2020,CCO-Contrato de Concessão,2020-03-20,2050-03-20,MT
27967152000114,IE TIBAGI,006/2020,CCO-Contrato de Concessão,2020-03-20,2050-03-20,SP
08580534000146,IE MINAS GERAIS,007/2020,CCO-Contrato de Concessão,2020-03-20,2050-03-20,SP
36348379000172,DOM PEDRO II,008/2020,CCO-Contrato de Concessão,2020-03-20,2050-03-20,MS
28438816000110,RIO FORMOSO,009/2020,CCO-Contrato de Concessão,2020-03-20,2050-03-20,SP
33950678000194,MEZ,010/2020,CCO-Contrato de Concessão,2020-03-20,2050-03-20,SP
36242938000165,ACRE,011/2020,CCO-Contrato de Concessão,2020-03-20,2050-03-20,SP
40215231000137,MEZ 5,003/2021,CCO-Contrato de Concessão,2021-03-31,2051-03-31,SP
34025997000156,ENERGISA-AM,009/2021,CCO-Contrato de Concessão,2021-03-31,2051-03-31,DF
28438834000100,MORRO DO CHAPÉU,001/2021,CCO-Contrato de Concessão,2021-03-31,2051-03-31,SP
40215276000101,MEZ 6,002/2021,CCO-Contrato de Concessão,2021-03-31,2055-06-30,SP
92715812000131,CPFL Transmissão,004/2021,CCO-Contrato de Concessão,2021-03-31,2051-03-31,RS
32578606000103,IE Riacho Grande,005/2021,CCO-Contrato de Concessão,2021-03-31,2051-03-31,SP
41018598000123,BRE 4,008/2021,CCO-Contrato de Concessão,2021-03-31,2051-03-31,SP
41554993000120,SILVÂNIA,010/2021,CCO-Contrato de Concessão,2021-05-14,2051-05-14,RJ
43076117000161,EDP NORTE,011/2021,CCO-Contrato de Concessão,2021-09-30,2051-09-30,SP
42900251000172,SSP,012/2021,CCO-Contrato de Concessão,2021-09-30,2051-09-30,RJ
34025976000130,TAESA MACAUBA,014/2021,CCO-Contrato de Concessão,2021-09-30,2051-09-30,RJ
42215683000144,ANANAI,001/2022,CCO-Contrato de Concessão,2022-03-31,2052-03-31,RJ
45133828000156,JAÇANÃ,002/2022,CCO-Contrato de Concessão,2022-03-31,2052-03-31,SP
44857667000180,TBO,003/2022,CCO-Contrato de Concessão,2022-03-31,2052-03-31,SP
28438899000148,EKTT 8,004/2022,CCO-Contrato de Concessão,2022-03-31,2052-03-31,SP
34025952000181,EAP,005/2022,CCO-Contrato de Concessão,2022-03-31,2052-03-31,DF
44323802000108,VERDE,006/2022,CCO-Contrato de Concessão,2022-09-30,2052-09-30,RJ
28438777000151,EKTT 9,007/2022,CCO-Contrato de Concessão,2022-09-30,2052-09-30,SP
02998611000104,ISA ENERGIA BRASIL,008/2022,CCO-Contrato de Concessão,2022-09-30,2052-09-30,SP
47425219000104,AMAPAR II,009/2022,CCO-Contrato de Concessão,2022-09-30,2052-09-30,SP
32578582000184,IE JAGUAR 8,011/2022,CCO-Contrato de Concessão,2022-09-30,2052-09-30,SP
44729393000144,GAVIÃO REAL,012/2022,CCO-Contrato de Concessão,2022-09-30,2052-09-30,SC
61649204000142,NERA CALADINHO,013/2022,CCO-Contrato de Concessão,2022-09-30,2052-09-30,RJ
45661917000175,PITIGUARI,015/2022,CCO-Contrato de Concessão,2022-09-30,2052-09-30,RJ
36257187000150,NEOENERGIA 11,016/2022,CCO-Contrato de Concessão,2022-09-30,2052-09-30,SP
47185644000165,EAM II,017/2022,CCO-Contrato de Concessão,2022-09-30,2052-09-30,DF
47439944000123,ACRE II,018/2022,CCO-Contrato de Concessão,2022-09-30,2052-09-30,SP
07070850000105,Centroeste,001/2023,CCO-Contrato de Concessão,2023-03-30,2053-03-30,MG
49537506000123,EDP NORTE 2,002/2023,CCO-Contrato de Concessão,2023-03-30,2053-03-30,ES
45690276000187,TANGARÁ TRANSMISSORA,003/2023,CCO-Contrato de Concessão,2023-03-30,2053-03-30,RJ
49008174000190,EDF OITI,004/2023,CCO-Contrato de Concessão,2023-03-30,2053-03-30,RJ
07859971000130,TAESA,005/2023,CCO-Contrato de Concessão,2023-03-30,2053-03-30,RJ
02998611000104,ISA ENERGIA BRASIL,006/2023,CCO-Contrato de Concessão,2023-09-29,2053-09-29,SP
51715706000170,Rialma T V,007/2023,CCO-Contrato de Concessão,2023-09-29,2053-09-29,DF
47290852000124,BURITI,008/2023,CCO-Contrato de Concessão,2023-09-29,2053-09-29,RJ
51762902000104,JANAPU,009/2023,CCO-Contrato de Concessão,2023-09-29,2053-09-29,RJ
36920154000149,ASA BRANCA,010/2023,CCO-Contrato de Concessão,2023-09-29,2053-09-29,SC
10242524000142,PEDRAS,011/2023,CCO-Contrato de Concessão,2023-09-29,2053-09-29,RJ
02998611000104,ISA ENERGIA BRASIL,012/2023,CCO-Contrato de Concessão,2023-09-29,2053-09-29,SP
52007076000142,Rialma T VI,013/2023,CCO-Contrato de Concessão,2023-09-29,2053-09-29,DF
27967152000114,IE TIBAGI,014/2023,CCO-Contrato de Concessão,2023-09-29,2053-09-29,SP
49786044000188,TECP,015/2023,CCO-Contrato de Concessão,2023-12-22,2053-12-22,SP
53819657000141,GATE,001/2024,CCO-Contrato de Concessão,2024-04-03,2054-04-03,RJ
49786044000188,TECP,002/2024,CCO-Contrato de Concessão,2024-04-03,2054-04-03,SP
10242700000146,COQUEIROS,003/2024,CCO-Contrato de Concessão,2024-04-03,2054-04-03,RJ
55059716000156,NOVA ERA TERESINA,004/2024,CCO-Contrato de Concessão,2024-06-28,2054-06-28,RJ
46989951000136,EDP NORDESTE,005/2024,CCO-Contrato de Concessão,2024-06-28,2054-06-28,ES
55030768000108,Nova Era Ceará,006/2024,CCO-Contrato de Concessão,2024-06-28,2054-06-28,RJ
53191447000151,GSI,007/2024,CCO-Contrato de Concessão,2024-06-28,2054-06-28,RJ
55042636000198,Nova Era Integração,008/2024,CCO-Contrato de Concessão,2024-06-28,2054-06-28,RJ
50232311000154,GSII,009/2024,CCO-Contrato de Concessão,2024-06-28,2054-06-28,RJ
55078934000138,EDP NORTE NORDESTE 1,010/2024,CCO-Contrato de Concessão,2024-06-28,2054-06-28,ES
54948932000190,Brasrio,011/2024,CCO-Contrato de Concessão,2024-06-28,2054-06-28,SP
55032808000142,Nova Era Catarina,012/2024,CCO-Contrato de Concessão,2024-06-28,2054-06-28,RJ
55082801000135,CT1,013/2024,CCO-Contrato de Concessão,2024-06-28,2054-06-28,RJ
54800488000160,Anastácio,014/2024,CCO-Contrato de Concessão,2024-06-28,2054-06-28,PR
51012309000132,EMA I,015/2024,CCO-Contrato de Concessão,2024-06-28,2054-06-28,DF
55078938000116,EDP NORTE NORDESTE 2,016/2024,CCO-Contrato de Concessão,2024-06-28,2054-06-28,ES
48400777000170,GSIII,017/2024,CCO-Contrato de Concessão,2024-06-28,2054-06-28,RJ
54880764000148,TPC,018/2024,CCO-Contrato de Concessão,2024-06-28,2054-06-28,SP
41972185000183,GRAUNA,019/2024,CCO-Contrato de Concessão,2024-12-09,2054-12-09,SC
42215810000105,JURUA,020/2024,CCO-Contrato de Concessão,2024-12-09,2054-12-09,RJ
56979361000186,CT2,021/2024,CCO-Contrato de Concessão,2024-12-09,2054-12-09,RJ
64523892000198,IEPSA,001/2026,CCO-Contrato de Concessão,2026-02-23,2056-02-23,SP
63620382000176,Rialma VII,002/2026,CCO-Contrato de Concessão,2026-02-23,2056-02-23,DF
92715812000131,CPFL Transmissão,003/2026,CCO-Contrato de Concessão,2026-02-23,2056-02-23,RS
63808670000159,Guaporé Sul,004/2026,CCO-Contrato de Concessão,2026-02-23,2056-02-23,RJ
64409379000170,EDP MATRINCHA 2,005/2026,CCO-Contrato de Concessão,2026-02-23,2056-02-23,GO
63973075000179,Nova Ponte,006/2026,CCO-Contrato de Concessão,2026-02-23,2056-02-23,RJ
64051074000130,Paracatu,007/2026,CCO-Contrato de Concessão,2026-02-23,2056-02-23,RJ
63952387000104,Carnauba,008/2026,CCO-Contrato de Concessão,2026-02-23,2056-02-23,RJ
63952418000119,Seridó,009/2026,CCO-Contrato de Concessão,2026-02-23,2056-02-23,RJ
52885150000123,LOBO-GUARÁ,010/2026,CCO-Contrato de Concessão,2026-06-03,2056-06-03,RJ
65898270000107,COLIBRI SUL,011/2026,CCO-Contrato de Concessão,2026-06-26,2056-06-26,SC
14683671000109,TRANSNORTE,018/2026,CCO-Contrato de Concessão,2026-06-10,2042-01-25,DF
65900282000129,COLIBRI A,012/2026,CCO-Contrato de Concessão,2026-06-26,2056-06-26,SC
66219992000150,COLIBRI B,013/2026,CCO-Contrato de Concessão,2026-06-26,2056-06-26,SC
66766672000110,BR2ET,016/2026,CCO-Contrato de Concessão,2026-06-26,2056-06-26,SP
66221786000185,COLIBRI C,014/2026,CCO-Contrato de Concessão,2026-06-26,2056-06-26,SC
66221889000145,COLIBRI D,015/2026,CCO-Contrato de Concessão,2026-06-26,2056-06-26,SC
66587194000181,CASTANHEIRA,017/2026,CCO-Contrato de Concessão,2026-06-26,2056-06-26,RJ
68575271000109,AXIA ENERGIA JAURU,021/2026,CCO-Contrato de Concessão,2026-09-09,2056-09-09,RJ
68653154000116,AE VALE DO PARAÍBA,020/2026,CCO-Contrato de Concessão,2026-09-09,2056-09-09,RJ
68722714000147,AE NAVIRAÍ TRANSMISS,019/2026,CCO-Contrato de Concessão,2026-09-09,2056-09-09,RJ
68572674000102,TESP,022/2026,CCO-Contrato de Concessão,2026-09-10,2056-09-10,SP
