codigo,classe,spread_bps,justo_pares_bps,dispersao_pares_bps,distancia_media,n_pares,pares,ajuste_eventos_bps,motivos_ajuste,justo_ajustado_bps,desvio_bps,estrutura,fase,patrocinador,desvio_em_dp
CTEE19,DI+,38.83,44.405,14.912587803597335,1.7188946938477274,8,TAEEE2 EDPR13 TAEEA5 EEELA3 EEELA5 TAEEA6 TAEEA9 IEPS11,1.5508149284557167,"avanço operacional (2026-05-27): Obtenção de LI - Projeto Serra Dourada (Bloco 2) → -1.2 bps | avanço operacional (2026-04-22): Energização Jacarandá → -0.8 bps | impacto negativo (2026-07-03): ISA Energia (ISAE3, ISAE4) anuncia potencial oferta de R$ 65 → +2.8 bps | impacto negativo (2026-05-04): Isa Energia (ISAE4): Lucro cai 14%, para R$ 619,1 milhões, c → +1.4 bps | avanço operacional (2026-04-22): ISA Energia (ISAE3) registra início da operação do projeto J → -0.8 bps",45.955814928455716,-7.125814928455718,corporativa,operacional,grande_grupo,-0.37015345638131036
EDPR13,DI+,63.33,51.730000000000004,20.71143343663108,0.41397075996443966,8,TAEEA5 TRPLA5 ISAEB1 TRPLA6 EEELA3 TRPLA3 EEELA5 ISAEC1,0.0,,51.730000000000004,11.599999999999994,corporativa,operacional,grande_grupo,0.6025668835260827
EEELA3,DI+,41.81,57.185,23.983969874428627,0.7166183190786004,8,TRPLA5 TAEEA5 EDPR13 TRPLA3 ISAEB1 TRPLB5 TAEEA6 TAEEE2,0.0,,57.185,-15.375,corporativa,operacional,grande_grupo,-0.7986608477770281
EEELA5,DI+,47.0,59.815000000000005,20.122609795948435,0.3336473578901953,8,TRPLA3 TRPLB5 ISAEB1 ISAEC1 TRPLA6 TRPLA5 TAEEA6 ISAEB3,0.0,,59.815000000000005,-12.815000000000005,corporativa,operacional,grande_grupo,-0.665680570033341
IEAS11,DI+,75.2,62.334999999999994,20.512048136400225,4.902258671262377,8,IEPS11 EEELA5 EEELA3 ISAEB3 TRPLA3 TRPLB5 TRPLA6 ISAEB1,0.0,,62.334999999999994,12.865000000000009,project_finance,operacional,grupo_inferido,0.6682778410830227
IEPS11,DI+,75.2,51.730000000000004,20.520039557405827,4.745473836694316,8,IEAS11 EEELA5 TRPLA3 TRPLB5 TAEEA6 TAEEA9 ISAEB1 ISAEC1,0.0,,51.730000000000004,23.47,project_finance,operacional,grupo_inferido,1.2191590307204454
ISAEB1,DI+,51.04,44.405,14.912587803597335,1.2569007489028698,8,EEELA5 EDPR13 TAEEA5 TAEEA6 EEELA3 TAEEA9 TAEEE2 IEPS11,1.5508149284557167,"avanço operacional (2026-05-27): Obtenção de LI - Projeto Serra Dourada (Bloco 2) → -1.2 bps | avanço operacional (2026-04-22): Energização Jacarandá → -0.8 bps | impacto negativo (2026-07-03): ISA Energia (ISAE3, ISAE4) anuncia potencial oferta de R$ 65 → +2.8 bps | impacto negativo (2026-05-04): Isa Energia (ISAE4): Lucro cai 14%, para R$ 619,1 milhões, c → +1.4 bps | avanço operacional (2026-04-22): ISA Energia (ISAE3) registra início da operação do projeto J → -0.8 bps",45.955814928455716,5.084185071544283,corporativa,operacional,grande_grupo,0.26410013395088566
ISAEB3,DI+,44.5,44.405,14.912587803597335,1.3552929422229982,8,EEELA5 TAEEA5 EDPR13 TAEEA6 TAEEA9 TAEEE2 EEELA3 IEAS11,1.5508149284557167,"avanço operacional (2026-05-27): Obtenção de LI - Projeto Serra Dourada (Bloco 2) → -1.2 bps | avanço operacional (2026-04-22): Energização Jacarandá → -0.8 bps | impacto negativo (2026-07-03): ISA Energia (ISAE3, ISAE4) anuncia potencial oferta de R$ 65 → +2.8 bps | impacto negativo (2026-05-04): Isa Energia (ISAE4): Lucro cai 14%, para R$ 619,1 milhões, c → +1.4 bps | avanço operacional (2026-04-22): ISA Energia (ISAE3) registra início da operação do projeto J → -0.8 bps",45.955814928455716,-1.455814928455716,corporativa,operacional,grande_grupo,-0.07562291934744036
ISAEC1,DI+,52.42,44.405,14.912587803597335,1.3456208219382775,8,EEELA5 TAEEA6 EDPR13 TAEEA9 TAEEA5 EEELA3 TAEEE2 IEPS11,1.5508149284557167,"avanço operacional (2026-05-27): Obtenção de LI - Projeto Serra Dourada (Bloco 2) → -1.2 bps | avanço operacional (2026-04-22): Energização Jacarandá → -0.8 bps | impacto negativo (2026-07-03): ISA Energia (ISAE3, ISAE4) anuncia potencial oferta de R$ 65 → +2.8 bps | impacto negativo (2026-05-04): Isa Energia (ISAE4): Lucro cai 14%, para R$ 619,1 milhões, c → +1.4 bps | avanço operacional (2026-04-22): ISA Energia (ISAE3) registra início da operação do projeto J → -0.8 bps",45.955814928455716,6.464185071544286,corporativa,operacional,grande_grupo,0.3357848149220922
ISAED1,DI+,59.81999999999999,44.405,14.912587803597335,2.148689529688677,8,TAEEA9 TAEEA6 EEELA5 TAEEA5 EDPR13 EEELA3 TAEEE2 IEAS11,1.5508149284557167,"avanço operacional (2026-05-27): Obtenção de LI - Projeto Serra Dourada (Bloco 2) → -1.2 bps | avanço operacional (2026-04-22): Energização Jacarandá → -0.8 bps | impacto negativo (2026-07-03): ISA Energia (ISAE3, ISAE4) anuncia potencial oferta de R$ 65 → +2.8 bps | impacto negativo (2026-05-04): Isa Energia (ISAE4): Lucro cai 14%, para R$ 619,1 milhões, c → +1.4 bps | avanço operacional (2026-04-22): ISA Energia (ISAE3) registra início da operação do projeto J → -0.8 bps",45.955814928455716,13.864185071544277,corporativa,operacional,grande_grupo,0.7201809302749379
TAEEA5,DI+,38.04,57.185,19.745830849510988,0.43402586426906836,8,EDPR13 TRPLA5 ISAEB1 TRPLA6 EEELA3 ISAEB3 TRPLA3 EEELA5,-10.0,avanço operacional (2026-08-25): Comunicado ao Mercado - Energização de Reforço em São Pedro  → -3.3 bps | avanço operacional (2026-08-20): Energização de Saíra (conversora Garabi 2) → -3.1 bps | avanço operacional (2026-08-17): Entrada em operação de Tangará → -3.0 bps | avanço operacional (2026-08-10): Comunicado ao Mercado: Obtenção de Licença de Instalação de  → -2.7 bps | avanço operacional (2026-08-04): Comunicado ao Mercado - Energização de Ananaí → -2.6 bps | avanço operacional (2026-08-04): Comunicado ao Mercado - Energização Parcial Tangará → -2.6 bps | avanço operacional (2026-04-30): Taesa (TAEE11) registra nova RAP de R$ 23 mi com SE Açailând → -0.8 bps,47.185,-9.145000000000003,corporativa,operacional,grande_grupo,-0.4750408749867268
TAEEA6,DI+,38.72,51.730000000000004,20.349504293716834,0.5744570455246024,8,TRPLB5 ISAEC1 EEELA5 TRPLA3 TRPLA6 ISAEB3 ISAEB1 EEELA3,-10.0,avanço operacional (2026-08-25): Comunicado ao Mercado - Energização de Reforço em São Pedro  → -3.3 bps | avanço operacional (2026-08-20): Energização de Saíra (conversora Garabi 2) → -3.1 bps | avanço operacional (2026-08-17): Entrada em operação de Tangará → -3.0 bps | avanço operacional (2026-08-10): Comunicado ao Mercado: Obtenção de Licença de Instalação de  → -2.7 bps | avanço operacional (2026-08-04): Comunicado ao Mercado - Energização de Ananaí → -2.6 bps | avanço operacional (2026-08-04): Comunicado ao Mercado - Energização Parcial Tangará → -2.6 bps | avanço operacional (2026-04-30): Taesa (TAEE11) registra nova RAP de R$ 23 mi com SE Açailând → -0.8 bps,41.730000000000004,-3.010000000000005,corporativa,operacional,grande_grupo,-0.1563557171908201
TAEEA9,DI+,48.14,56.12,20.004718662105695,0.8027623615201072,8,TRPLB5 ISAEC1 EEELA5 TRPLA3 TRPLA6 ISAEB3 EEELA3 ISAED1,-10.0,avanço operacional (2026-08-25): Comunicado ao Mercado - Energização de Reforço em São Pedro  → -3.3 bps | avanço operacional (2026-08-20): Energização de Saíra (conversora Garabi 2) → -3.1 bps | avanço operacional (2026-08-17): Entrada em operação de Tangará → -3.0 bps | avanço operacional (2026-08-10): Comunicado ao Mercado: Obtenção de Licença de Instalação de  → -2.7 bps | avanço operacional (2026-08-04): Comunicado ao Mercado - Energização de Ananaí → -2.6 bps | avanço operacional (2026-08-04): Comunicado ao Mercado - Energização Parcial Tangará → -2.6 bps | avanço operacional (2026-04-30): Taesa (TAEE11) registra nova RAP de R$ 23 mi com SE Açailând → -0.8 bps,46.12,2.020000000000003,corporativa,operacional,grande_grupo,0.1049297504071284
TAEEE2,DI+,23.76,57.185,20.67339352888151,0.9410744735242959,8,CTEE19 EDPR13 TRPLA5 EEELA3 ISAEB3 ISAEB1 TRPLA6 TRPLA3,-10.0,avanço operacional (2026-08-25): Comunicado ao Mercado - Energização de Reforço em São Pedro  → -3.3 bps | avanço operacional (2026-08-20): Energização de Saíra (conversora Garabi 2) → -3.1 bps | avanço operacional (2026-08-17): Entrada em operação de Tangará → -3.0 bps | avanço operacional (2026-08-10): Comunicado ao Mercado: Obtenção de Licença de Instalação de  → -2.7 bps | avanço operacional (2026-08-04): Comunicado ao Mercado - Energização de Ananaí → -2.6 bps | avanço operacional (2026-08-04): Comunicado ao Mercado - Energização Parcial Tangará → -2.6 bps | avanço operacional (2026-04-30): Taesa (TAEE11) registra nova RAP de R$ 23 mi com SE Açailând → -0.8 bps,47.185,-23.425,corporativa,operacional,grande_grupo,-1.2168214867757323
TRPLA3,DI+,105.47999999999999,44.405,14.912587803597335,1.2142581789852112,8,EEELA5 TAEEA6 EDPR13 TAEEA5 EEELA3 TAEEA9 TAEEE2 IEPS11,1.5508149284557167,"avanço operacional (2026-05-27): Obtenção de LI - Projeto Serra Dourada (Bloco 2) → -1.2 bps | avanço operacional (2026-04-22): Energização Jacarandá → -0.8 bps | impacto negativo (2026-07-03): ISA Energia (ISAE3, ISAE4) anuncia potencial oferta de R$ 65 → +2.8 bps | impacto negativo (2026-05-04): Isa Energia (ISAE4): Lucro cai 14%, para R$ 619,1 milhões, c → +1.4 bps | avanço operacional (2026-04-22): ISA Energia (ISAE3) registra início da operação do projeto J → -0.8 bps",45.955814928455716,59.524185071544274,corporativa,operacional,grande_grupo,3.092008852843985
TRPLA5,DI+,67.21000000000001,44.405,14.912587803597335,1.2475037137127898,8,EDPR13 TAEEA5 EEELA5 EEELA3 TAEEE2 TAEEA6 TAEEA9 IEPS11,1.5508149284557167,"avanço operacional (2026-05-27): Obtenção de LI - Projeto Serra Dourada (Bloco 2) → -1.2 bps | avanço operacional (2026-04-22): Energização Jacarandá → -0.8 bps | impacto negativo (2026-07-03): ISA Energia (ISAE3, ISAE4) anuncia potencial oferta de R$ 65 → +2.8 bps | impacto negativo (2026-05-04): Isa Energia (ISAE4): Lucro cai 14%, para R$ 619,1 milhões, c → +1.4 bps | avanço operacional (2026-04-22): ISA Energia (ISAE3) registra início da operação do projeto J → -0.8 bps",45.955814928455716,21.254185071544292,corporativa,operacional,grande_grupo,1.1040575914178483
TRPLA6,DI+,73.88,44.405,14.912587803597335,1.3255029744516122,8,EEELA5 TAEEA5 EDPR13 TAEEA6 TAEEA9 EEELA3 TAEEE2 IEAS11,1.5508149284557167,"avanço operacional (2026-05-27): Obtenção de LI - Projeto Serra Dourada (Bloco 2) → -1.2 bps | avanço operacional (2026-04-22): Energização Jacarandá → -0.8 bps | impacto negativo (2026-07-03): ISA Energia (ISAE3, ISAE4) anuncia potencial oferta de R$ 65 → +2.8 bps | impacto negativo (2026-05-04): Isa Energia (ISAE4): Lucro cai 14%, para R$ 619,1 milhões, c → +1.4 bps | avanço operacional (2026-04-22): ISA Energia (ISAE3) registra início da operação do projeto J → -0.8 bps",45.955814928455716,27.92418507154428,corporativa,operacional,grande_grupo,1.4505335494453455
TRPLB5,DI+,73.63,44.405,14.912587803597335,1.2712706594537408,8,EEELA5 TAEEA6 TAEEA9 EDPR13 TAEEA5 EEELA3 TAEEE2 IEPS11,1.5508149284557167,"avanço operacional (2026-05-27): Obtenção de LI - Projeto Serra Dourada (Bloco 2) → -1.2 bps | avanço operacional (2026-04-22): Energização Jacarandá → -0.8 bps | impacto negativo (2026-07-03): ISA Energia (ISAE3, ISAE4) anuncia potencial oferta de R$ 65 → +2.8 bps | impacto negativo (2026-05-04): Isa Energia (ISAE4): Lucro cai 14%, para R$ 619,1 milhões, c → +1.4 bps | avanço operacional (2026-04-22): ISA Energia (ISAE3) registra início da operação do projeto J → -0.8 bps",45.955814928455716,27.67418507154428,corporativa,operacional,grande_grupo,1.4375471941969384
ALUP18,IPCA+,209.62431691740855,236.14737756205284,14.80270110715004,0.4241478065495021,8,TRPLA4 ISAEB8 EEELB5 EEELA1 CTEE29 TAEEB8 ISAEA8 TAEEA4,-4.747761334991939,"avanço operacional (2026-07-10): Obtenção da Licença de Instalação do Projeto TECP (TAP) → -1.9 bps | avanço operacional (2026-05-20): Licença de Instalação para as Subestações Silvânia, Nova Pon → -1.1 bps | avanço operacional (2026-07-03): Alupar (ALUP4) anuncia RAP de R$ 96,7 mi em leilão da Aneel → -1.8 bps",231.3996162270609,-21.775299309652354,corporativa,operacional,grande_grupo,-0.5633784955258917
CTEE18,IPCA+,217.58164317594927,225.60658279820893,41.70516187730827,1.461508054790504,8,ETEN22 ETEN21 ETEN12 TAEEA8 EEELA0 EEELA1 ALUP18 EEELA4,1.5508149284557167,"avanço operacional (2026-05-27): Obtenção de LI - Projeto Serra Dourada (Bloco 2) → -1.2 bps | avanço operacional (2026-04-22): Energização Jacarandá → -0.8 bps | impacto negativo (2026-07-03): ISA Energia (ISAE3, ISAE4) anuncia potencial oferta de R$ 65 → +2.8 bps | impacto negativo (2026-05-04): Isa Energia (ISAE4): Lucro cai 14%, para R$ 619,1 milhões, c → +1.4 bps | avanço operacional (2026-04-22): ISA Energia (ISAE3) registra início da operação do projeto J → -0.8 bps",227.15739772666464,-9.575754550715374,corporativa,operacional,grande_grupo,-0.24774741855860014
CTEE1B,IPCA+,224.0889629193562,246.77547998325525,19.157005263219936,0.8739691816866816,8,TAEEA8 EEELA0 EEELA1 ALUP18 EEELB5 EEELA4 ETEN22 TAEEA4,1.5508149284557167,"avanço operacional (2026-05-27): Obtenção de LI - Projeto Serra Dourada (Bloco 2) → -1.2 bps | avanço operacional (2026-04-22): Energização Jacarandá → -0.8 bps | impacto negativo (2026-07-03): ISA Energia (ISAE3, ISAE4) anuncia potencial oferta de R$ 65 → +2.8 bps | impacto negativo (2026-05-04): Isa Energia (ISAE4): Lucro cai 14%, para R$ 619,1 milhões, c → +1.4 bps | avanço operacional (2026-04-22): ISA Energia (ISAE3) registra início da operação do projeto J → -0.8 bps",248.32629491171096,-24.23733199235477,corporativa,operacional,grande_grupo,-0.6270771041646083
CTEE29,IPCA+,262.41283826070304,249.20969428849583,23.90398666607351,1.5233734355284863,8,ALUP18 TAEEA7 TAEED2 TAEEC4 TAEEB4 TAEEB8 EEELB5 EEELB1,1.5508149284557167,"avanço operacional (2026-05-27): Obtenção de LI - Projeto Serra Dourada (Bloco 2) → -1.2 bps | avanço operacional (2026-04-22): Energização Jacarandá → -0.8 bps | impacto negativo (2026-07-03): ISA Energia (ISAE3, ISAE4) anuncia potencial oferta de R$ 65 → +2.8 bps | impacto negativo (2026-05-04): Isa Energia (ISAE4): Lucro cai 14%, para R$ 619,1 milhões, c → +1.4 bps | avanço operacional (2026-04-22): ISA Energia (ISAE3) registra início da operação do projeto J → -0.8 bps",250.76050921695153,11.652329043751507,corporativa,operacional,grande_grupo,0.3014733121547243
CTEE2B,IPCA+,264.5498051165745,243.35543667232196,24.178593167326675,1.2573971676879037,8,TAEEC4 TAEEA7 TAEED2 EEELB1 TAEEB4 ALUP18 TAEEB8 TAEEA4,1.5508149284557167,"avanço operacional (2026-05-27): Obtenção de LI - Projeto Serra Dourada (Bloco 2) → -1.2 bps | avanço operacional (2026-04-22): Energização Jacarandá → -0.8 bps | impacto negativo (2026-07-03): ISA Energia (ISAE3, ISAE4) anuncia potencial oferta de R$ 65 → +2.8 bps | impacto negativo (2026-05-04): Isa Energia (ISAE4): Lucro cai 14%, para R$ 619,1 milhões, c → +1.4 bps | avanço operacional (2026-04-22): ISA Energia (ISAE3) registra início da operação do projeto J → -0.8 bps",244.90625160077767,19.64355351579681,corporativa,operacional,grande_grupo,0.5082251898878092
CTRR11,IPCA+,185.55050250902949,237.51553446459357,22.872020863494747,1.6678334010559217,8,EDPT11 TPNO12 XNGU17 PRTE12 JTEE11 ODYA11 LTTE15 ETBA12,0.0,,237.51553446459357,-51.965031955564086,project_finance,operacional,nao_identificado,-1.3444582830649494
EDFT11,IPCA+,323.70197213646657,295.8845068637039,60.92741156523406,3.9163933486026385,8,RALM21 RALM11 JTEE12 TPNO13 ELTE12 LTTE15 IBPB11 PTAZ11,0.0,,295.8845068637039,27.81746527276266,project_finance,construcao,nao_identificado,0.7197036197691176
EDPA11,IPCA+,257.76505475357015,262.2936803992418,29.537860008014913,3.4224106881089438,8,EQTC11 JTEE12 ELTE12 LTTE15 TPNO13 MSGT23 XNGU17 MSGT33,0.0,,262.2936803992418,-4.528625645671639,project_finance,operacional,grupo_inferido,-0.11716625644394829
EDPT11,IPCA+,243.82334208302845,233.70420601819563,28.637101365859063,1.6491715574651913,8,CTRR11 TPNO12 PRTE12 XNGU17 JTEE11 LTTE15 ETBA12 ELTE12,0.0,,233.70420601819563,10.119136064832816,project_finance,operacional,nao_identificado,0.2618059835209824
EDTE12,IPCA+,237.32914641732862,231.82136668710197,17.966374462791432,1.6133646489412048,8,TRCC11 TPEN11 ETBA12 JTEE11 TPNO12 PRTE12 EDPT11 CTRR11,0.0,,231.82136668710197,5.507779730226645,project_finance,operacional,nao_identificado,0.14249928848177235
EEELA0,IPCA+,241.5888486790093,225.77192416823993,9.977833356964183,0.6631108105835521,8,ISAEA8 TAEEA8 CTEE1B ISAEB8 ALUP18 TRPLA4 TAEEA4 TAEEB8,0.0,,225.77192416823993,15.816924510769354,corporativa,operacional,grande_grupo,0.40922124688196093
EEELA1,IPCA+,251.96211128750124,225.77192416823993,9.977833356964183,0.5923839619251567,8,ISAEA8 ALUP18 TRPLA4 CTEE1B ISAEB8 TAEEA8 TAEEA4 TAEEB8,0.0,,225.77192416823993,26.19018711926131,corporativa,operacional,grande_grupo,0.6776020851410557
EEELA4,IPCA+,255.6150150419894,225.77192416823993,9.977833356964183,0.7339902428743523,8,TAEEA4 ALUP18 TAEEB8 ISAEA8 TAEEA8 TRPLA4 ISAEB8 CTEE1B,0.0,,225.77192416823993,29.843090873749475,corporativa,operacional,grande_grupo,0.7721113450248996
EEELB1,IPCA+,293.1220538521432,251.43901148822647,11.7322982364253,0.8707080488873358,8,TAEEB4 ISAEB0 TAEEC4 TRPLB4 CTEE2B TRPLB7 TAEED2 ISAEA9,0.0,,251.43901148822647,41.68304236391674,corporativa,operacional,grande_grupo,1.0784388936282474
EEELB5,IPCA+,257.412591103559,225.77192416823993,9.977833356964183,0.6182246656808101,8,ALUP18 TAEEA4 ISAEA8 TAEEB8 TRPLA4 ISAEB8 TAEEA8 CTEE1B,0.0,,225.77192416823993,31.640666935319075,corporativa,operacional,grande_grupo,0.8186188893189765
ELTE12,IPCA+,237.38743956408078,252.36376130473352,32.9928899999771,1.9995533078848515,8,LTTE15 JTEE12 XNGU17 IBPB11 TPNO13 CTRR11 EDPT11 EDPA11,0.0,,252.36376130473352,-14.976321740652736,project_finance,operacional,nao_identificado,-0.3874728650467099
EQSP11,IPCA+,298.6286381398317,249.92392520595243,58.79795675035223,1.4630249099605657,8,EQTN11 EQTS11 ODYA11 TRGO11 MSGT13 SPRZ11 MSGT12 MGSP12,0.0,,249.92392520595243,48.70471293387928,project_finance,operacional,grande_grupo,1.260106118750173
EQSP21,IPCA+,299.08986186376825,257.15725769342833,65.34539746267313,1.5763838645461077,8,EQTN11 EQTS11 ODYA11 MSGT13 MGSP12 TRGO11 EQTR21 SPRZ11,0.0,,257.15725769342833,41.932604170339914,project_finance,operacional,grande_grupo,1.0848956478176646
EQTC11,IPCA+,320.77511855378964,283.16068245558756,28.47683166065904,2.554903594722391,8,EQTR21 EQTR11 ETSP12 EDPA11 IBPB11 MGSP12 MSGT23 TPNO13,0.0,,283.16068245558756,37.61443609820208,project_finance,operacional,grupo_inferido,0.9731744265699463
EQTN11,IPCA+,264.3427045101485,249.92392520595243,64.73127605740483,1.1857834716084223,8,EQSP11 EQTS11 EQSP21 ODYA11 TRGO11 MSGT13 SPRZ11 MSGT12,0.0,,249.92392520595243,14.418779304196079,project_finance,operacional,grande_grupo,0.3730479235303581
EQTR11,IPCA+,321.93916298594735,299.1915350058168,20.15224487125479,1.643044836228193,8,ETSP12 MGSP12 MSGT23 EQSP21 IBPB11 MSGT33 EQTC11 EQTS11,0.0,,299.1915350058168,22.747627980130574,project_finance,operacional,grande_grupo,0.5885349379582532
EQTR21,IPCA+,322.9268383642803,299.1915350058168,20.15224487125479,1.6331032928138378,8,ETSP12 MGSP12 MSGT23 EQSP21 EQTC11 MSGT33 EQTS11 IBPB11,0.0,,299.1915350058168,23.73530335846351,project_finance,operacional,grande_grupo,0.61408843602046
EQTS11,IPCA+,294.14641240247545,249.92392520595243,62.57338308059334,1.1913374058236528,8,EQTN11 EQSP11 EQSP21 ODYA11 SPRZ11 TRGO11 MSGT13 MSGT12,0.0,,249.92392520595243,44.22248719652302,project_finance,operacional,grande_grupo,1.1441403376782289
EQUA11,IPCA+,299.0580833649324,231.46782495843718,14.013290593006586,2.5794381215381814,8,CTEE1B ISAEB8 TAEEA8 TRPLA4 ISAEA8 EEELA0 ALUP18 EEELA1,0.0,,231.46782495843718,67.5902584064952,corporativa,operacional,grupo_inferido,1.7487198477395098
ETBA12,IPCA+,225.03453980816693,235.47545365961105,18.39459499917427,1.5742535969185578,8,TRCC11 TPEN11 EDTE12 JTEE11 PRTE12 TPNO12 EDPT11 CTRR11,0.0,,235.47545365961105,-10.440913851444122,project_finance,operacional,nao_identificado,-0.27013113592126986
ETEN12,IPCA+,164.03198781412075,231.46782495843718,24.06807978697039,2.073476967537636,8,CTEE18 CTEE1B TAEEA8 TAEEB4 ISAEB8 EEELA0 ISAEA8 EEELB1,6.210951067726152,impacto negativo (2026-08-12): Desinvestimento em Ativos de Transmissão → +4.5 bps | impacto negativo (2026-05-21): Desinvestimento de Ativos de Transmissão → +1.7 bps,237.67877602616332,-73.64678821204257,corporativa,operacional,grande_grupo,-1.9054165985595781
ETEN21,IPCA+,138.38843777523888,231.46782495843718,13.662739957082072,2.032951947756058,8,CTEE18 CTEE1B TAEEA8 ISAEB8 EEELA0 TAEEB4 ISAEA8 EEELA1,6.210951067726152,impacto negativo (2026-08-12): Desinvestimento em Ativos de Transmissão → +4.5 bps | impacto negativo (2026-05-21): Desinvestimento de Ativos de Transmissão → +1.7 bps,237.67877602616332,-99.29033825092444,corporativa,operacional,grande_grupo,-2.5688758895390706
ETEN22,IPCA+,255.89048683648286,231.46782495843718,12.774472322325805,1.3854631153130732,8,CTEE18 CTEE1B TAEEA8 ISAEB8 EEELA0 ISAEA8 EEELA1 TRPLA4,6.210951067726152,impacto negativo (2026-08-12): Desinvestimento em Ativos de Transmissão → +4.5 bps | impacto negativo (2026-05-21): Desinvestimento de Ativos de Transmissão → +1.7 bps,237.67877602616332,18.211710810319545,corporativa,operacional,grande_grupo,0.4711800325390911
ETSP12,IPCA+,320.4811682046875,300.93387131165457,22.210841332458852,1.3851814773730373,8,EQTR11 EQTR21 MGSP12 MSGT23 IBPB11 MSGT33 EQSP21 EQTC11,0.0,,300.93387131165457,19.54729689303292,project_finance,operacional,grande_grupo,0.5057348033931865
IBPB11,IPCA+,299.2932081478653,306.83049025223556,37.71214631001581,2.088102929602913,8,TPNO13 ELTE12 ETSP12 EQTR11 JTEE11 EQTR21 EQTC11 LTTE15,0.0,,306.83049025223556,-7.537282104370263,project_finance,operacional,nao_identificado,-0.19500731502836638
ISAEA8,IPCA+,233.7750022034995,234.5218670480665,19.00133446464198,0.5394230031425364,8,EEELA0 EEELA1 TAEEA8 EEELB5 ALUP18 TAEEA4 EEELA4 TAEEB8,1.5508149284557167,"avanço operacional (2026-05-27): Obtenção de LI - Projeto Serra Dourada (Bloco 2) → -1.2 bps | avanço operacional (2026-04-22): Energização Jacarandá → -0.8 bps | impacto negativo (2026-07-03): ISA Energia (ISAE3, ISAE4) anuncia potencial oferta de R$ 65 → +2.8 bps | impacto negativo (2026-05-04): Isa Energia (ISAE4): Lucro cai 14%, para R$ 619,1 milhões, c → +1.4 bps | avanço operacional (2026-04-22): ISA Energia (ISAE3) registra início da operação do projeto J → -0.8 bps",236.0726819765222,-2.2976797730227076,corporativa,operacional,grande_grupo,-0.05944641014197254
ISAEA9,IPCA+,228.65672102129633,249.20969428849583,23.90398666607351,1.368629352828876,8,TAEEC4 EEELB1 TAEEA7 TAEED2 TAEEB4 TAEEB8 ALUP18 EEELB5,1.5508149284557167,"avanço operacional (2026-05-27): Obtenção de LI - Projeto Serra Dourada (Bloco 2) → -1.2 bps | avanço operacional (2026-04-22): Energização Jacarandá → -0.8 bps | impacto negativo (2026-07-03): ISA Energia (ISAE3, ISAE4) anuncia potencial oferta de R$ 65 → +2.8 bps | impacto negativo (2026-05-04): Isa Energia (ISAE4): Lucro cai 14%, para R$ 619,1 milhões, c → +1.4 bps | avanço operacional (2026-04-22): ISA Energia (ISAE3) registra início da operação do projeto J → -0.8 bps",250.76050921695153,-22.1037881956552,corporativa,operacional,grande_grupo,-0.5718772799403601
ISAEB0,IPCA+,250.71539941055204,249.20969428849583,23.90398666607351,1.0298087876339843,8,TAEEA7 EEELB1 TAEED2 TAEEC4 TAEEB4 ALUP18 TAEEB8 EEELB5,1.5508149284557167,"avanço operacional (2026-05-27): Obtenção de LI - Projeto Serra Dourada (Bloco 2) → -1.2 bps | avanço operacional (2026-04-22): Energização Jacarandá → -0.8 bps | impacto negativo (2026-07-03): ISA Energia (ISAE3, ISAE4) anuncia potencial oferta de R$ 65 → +2.8 bps | impacto negativo (2026-05-04): Isa Energia (ISAE4): Lucro cai 14%, para R$ 619,1 milhões, c → +1.4 bps | avanço operacional (2026-04-22): ISA Energia (ISAE3) registra início da operação do projeto J → -0.8 bps",250.76050921695153,-0.0451098063994948,corporativa,operacional,grande_grupo,-0.001167097384123964
ISAEB2,IPCA+,257.07539552686904,243.35543667232196,35.11421158035361,1.7191984046169058,8,TAEEA7 TAEEC4 TAEEB0 EEELB1 ALUP18 TAEED2 TAEEB4 ETEN12,1.5508149284557167,"avanço operacional (2026-05-27): Obtenção de LI - Projeto Serra Dourada (Bloco 2) → -1.2 bps | avanço operacional (2026-04-22): Energização Jacarandá → -0.8 bps | impacto negativo (2026-07-03): ISA Energia (ISAE3, ISAE4) anuncia potencial oferta de R$ 65 → +2.8 bps | impacto negativo (2026-05-04): Isa Energia (ISAE4): Lucro cai 14%, para R$ 619,1 milhões, c → +1.4 bps | avanço operacional (2026-04-22): ISA Energia (ISAE3) registra início da operação do projeto J → -0.8 bps",244.90625160077767,12.16914392609138,corporativa,operacional,grande_grupo,0.3148445355182977
ISAEB8,IPCA+,229.16064771337486,234.5218670480665,19.00133446464198,0.7659051241855849,8,ALUP18 EEELA0 EEELA1 TAEEA8 EEELB5 EEELA4 TAEEA4 TAEEB8,1.5508149284557167,"avanço operacional (2026-05-27): Obtenção de LI - Projeto Serra Dourada (Bloco 2) → -1.2 bps | avanço operacional (2026-04-22): Energização Jacarandá → -0.8 bps | impacto negativo (2026-07-03): ISA Energia (ISAE3, ISAE4) anuncia potencial oferta de R$ 65 → +2.8 bps | impacto negativo (2026-05-04): Isa Energia (ISAE4): Lucro cai 14%, para R$ 619,1 milhões, c → +1.4 bps | avanço operacional (2026-04-22): ISA Energia (ISAE3) registra início da operação do projeto J → -0.8 bps",236.0726819765222,-6.912034263147348,corporativa,operacional,grande_grupo,-0.17883067455560675
ISAEC0,IPCA+,255.3652593350494,243.35543667232196,24.257326356168846,1.5517237869620462,8,TAEEA7 TAEEC4 EEELB1 ALUP18 TAEED2 TAEEB0 TAEEB4 TAEEB8,1.5508149284557167,"avanço operacional (2026-05-27): Obtenção de LI - Projeto Serra Dourada (Bloco 2) → -1.2 bps | avanço operacional (2026-04-22): Energização Jacarandá → -0.8 bps | impacto negativo (2026-07-03): ISA Energia (ISAE3, ISAE4) anuncia potencial oferta de R$ 65 → +2.8 bps | impacto negativo (2026-05-04): Isa Energia (ISAE4): Lucro cai 14%, para R$ 619,1 milhões, c → +1.4 bps | avanço operacional (2026-04-22): ISA Energia (ISAE3) registra início da operação do projeto J → -0.8 bps",244.90625160077767,10.459007734271722,corporativa,operacional,grande_grupo,0.27059926746521223
ISAEC2,IPCA+,249.73846635675278,243.35543667232196,35.11421158035361,1.7985453973788357,8,TAEEC4 TAEEA7 EEELB1 TAEED2 TAEEB0 TAEEB4 ALUP18 ETEN12,1.5508149284557167,"avanço operacional (2026-05-27): Obtenção de LI - Projeto Serra Dourada (Bloco 2) → -1.2 bps | avanço operacional (2026-04-22): Energização Jacarandá → -0.8 bps | impacto negativo (2026-07-03): ISA Energia (ISAE3, ISAE4) anuncia potencial oferta de R$ 65 → +2.8 bps | impacto negativo (2026-05-04): Isa Energia (ISAE4): Lucro cai 14%, para R$ 619,1 milhões, c → +1.4 bps | avanço operacional (2026-04-22): ISA Energia (ISAE3) registra início da operação do projeto J → -0.8 bps",244.90625160077767,4.832214755975116,corporativa,operacional,grande_grupo,0.12502082476875664
JTEE11,IPCA+,230.02097247231046,237.41531142983794,17.4437525179415,1.78324267775555,8,EDPT11 EDTE12 ETBA12 CTRR11 TPEN11 TRCC11 TPNO12 XNGU17,0.0,,237.41531142983794,-7.394338957527481,project_finance,operacional,nao_identificado,-0.19130903773404115
JTEE12,IPCA+,247.16831857429338,257.6621293943719,37.11146141785302,2.4627852452493872,8,ELTE12 LTTE15 TPNO13 EDPA11 IBPB11 XNGU17 MSGT33 CTRR11,0.0,,257.6621293943719,-10.493810820078522,project_finance,operacional,nao_identificado,-0.27149970561040926
LTTE15,IPCA+,293.1798122997837,240.67646728493418,29.134692131541396,2.128093613516455,8,ELTE12 JTEE12 XNGU17 TPNO13 CTRR11 IBPB11 EDPT11 TPNO12,0.0,,240.67646728493418,52.503345014849515,project_finance,operacional,nao_identificado,1.3583857151130467
MGSP12,IPCA+,262.38498960183284,300.83219816960604,17.56171325620681,1.4954436039965824,8,EQTR21 EQTR11 ETSP12 MSGT23 EQSP21 MSGT33 EQSP11 EQTS11,0.0,,300.83219816960604,-38.4472085677732,project_finance,operacional,grande_grupo,-0.9947202200100574
MSGT12,IPCA+,228.4206315025584,258.13611514758617,24.081566824689045,1.6211731403437057,8,SPRZ11 TRGO11 ODYA11 EQTN11 EQTS11 EQSP11 EQSP21 TPNO12,0.0,,258.13611514758617,-29.715483645027774,project_finance,operacional,grande_grupo,-0.768809844204491
MSGT13,IPCA+,86.96843726685131,263.3638470559907,21.469976531005898,2.32445439165728,8,EQTN11 EQTS11 EQSP11 EQSP21 TRGO11 ODYA11 SPRZ11 MGSP12,0.0,,263.3638470559907,-176.39540978913936,project_finance,operacional,grande_grupo,-4.563766457190666
MSGT23,IPCA+,267.0281567633099,309.88718817627637,19.42019206707086,1.8522116148532553,8,MGSP12 ETSP12 EQTR11 EQTR21 EQSP21 IBPB11 EQTC11 EQSP11,0.0,,309.88718817627637,-42.85903141296649,project_finance,operacional,grande_grupo,-1.1088645117466118
MSGT33,IPCA+,302.5745344754439,298.8592500018,29.212721907033753,2.952816687673084,8,MGSP12 ETSP12 EQTR11 EQTR21 TPNO13 JTEE12 EQSP21 EQSP11,0.0,,298.8592500018,3.7152844736439192,project_finance,operacional,grande_grupo,0.09612319662969687
NMCH11,IPCA+,301.0167865108165,296.3678069150498,27.760306447154818,5.975736790650009,8,EQTC11 PTAZ11 JTEE11 MGSP12 EQSP21 EQSP11 EQTS11 EDPA11,0.0,,296.3678069150498,4.6489795957666615,project_finance,transicao,grupo_inferido,0.12028009779101424
ODYA11,IPCA+,247.91832462688103,258.13611514758617,37.02860143853723,1.3572875316868436,8,SPRZ11 TRGO11 MSGT12 EQTS11 EQTN11 EQSP11 EQSP21 CTRR11,0.0,,258.13611514758617,-10.217790520705137,project_finance,operacional,grande_grupo,-0.26435840762941415
PRTE12,IPCA+,209.24301871393192,237.41531142983794,17.4437525179415,1.7769579744970283,8,TPNO12 EDPT11 CTRR11 EDTE12 TRCC11 TPEN11 ETBA12 XNGU17,0.0,,237.41531142983794,-28.172292715906025,project_finance,operacional,nao_identificado,-0.728883844952098
PTAZ11,IPCA+,298.5892014276242,301.7956604931302,54.917074618340834,4.748204220576042,8,RALM11 RALM21 TPNO13 IBPB11 NMCH11 JTEE12 EDFT11 MSGT33,0.0,,301.7956604931302,-3.20645906550601,project_finance,transicao,nao_identificado,-0.0829586798602298
RALM11,IPCA+,397.46741749343937,295.8845068637039,28.855239761716525,4.679535854898918,8,EDFT11 PTAZ11 TPNO13 IBPB11 JTEE12 ELTE12 MSGT33 LTTE15,0.0,,295.8845068637039,101.58291062973547,project_finance,construcao,nao_identificado,2.6281901593129082
RALM21,IPCA+,408.76436157051,295.8845068637039,28.855239761716525,4.6485135014196315,8,EDFT11 PTAZ11 TPNO13 IBPB11 JTEE12 ELTE12 MSGT33 LTTE15,0.0,,295.8845068637039,112.8798547068061,project_finance,construcao,nao_identificado,2.920468821832096
SPRZ11,IPCA+,251.92952578502383,256.13051456851474,37.14270065885615,1.50185045407953,8,ODYA11 MSGT12 TRGO11 EQTS11 EQTN11 EQSP11 EQSP21 CTRR11,0.0,,256.13051456851474,-4.200988783490914,project_finance,operacional,grande_grupo,-0.1086895159009432
TAEEA4,IPCA+,227.4548854171237,240.05430079980772,14.887383613548518,0.6552452110492767,8,EEELA4 EEELB5 ALUP18 ISAEA8 TRPLA4 EEELA1 EEELA0 ISAEB8,-10.0,avanço operacional (2026-08-25): Comunicado ao Mercado - Energização de Reforço em São Pedro  → -3.3 bps | avanço operacional (2026-08-20): Energização de Saíra (conversora Garabi 2) → -3.1 bps | avanço operacional (2026-08-17): Entrada em operação de Tangará → -3.0 bps | avanço operacional (2026-08-10): Comunicado ao Mercado: Obtenção de Licença de Instalação de  → -2.7 bps | avanço operacional (2026-08-04): Comunicado ao Mercado - Energização de Ananaí → -2.6 bps | avanço operacional (2026-08-04): Comunicado ao Mercado - Energização Parcial Tangará → -2.6 bps | avanço operacional (2026-04-30): Taesa (TAEE11) registra nova RAP de R$ 23 mi com SE Açailând → -0.8 bps,230.05430079980772,-2.5994153826840147,corporativa,operacional,grande_grupo,-0.0672530240213153
TAEEA7,IPCA+,251.62835439156407,256.2252577303379,17.080946883900317,0.7804438452770652,8,TRPLB7 TRPLB4 ISAEB0 ISAEC0 CTEE2B ISAEB2 ALUP18 CTEE29,-10.0,avanço operacional (2026-08-25): Comunicado ao Mercado - Energização de Reforço em São Pedro  → -3.3 bps | avanço operacional (2026-08-20): Energização de Saíra (conversora Garabi 2) → -3.1 bps | avanço operacional (2026-08-17): Entrada em operação de Tangará → -3.0 bps | avanço operacional (2026-08-10): Comunicado ao Mercado: Obtenção de Licença de Instalação de  → -2.7 bps | avanço operacional (2026-08-04): Comunicado ao Mercado - Energização de Ananaí → -2.6 bps | avanço operacional (2026-08-04): Comunicado ao Mercado - Energização Parcial Tangará → -2.6 bps | avanço operacional (2026-04-30): Taesa (TAEE11) registra nova RAP de R$ 23 mi com SE Açailând → -0.8 bps,246.2252577303379,5.403096661226186,corporativa,operacional,grande_grupo,0.13979088989299293
TAEEA8,IPCA+,209.57808005181397,240.05430079980772,11.650468196606385,0.6586734151043351,8,CTEE1B ISAEA8 EEELA0 ISAEB8 EEELA1 EEELB5 EEELA4 TRPLA4,-10.0,avanço operacional (2026-08-25): Comunicado ao Mercado - Energização de Reforço em São Pedro  → -3.3 bps | avanço operacional (2026-08-20): Energização de Saíra (conversora Garabi 2) → -3.1 bps | avanço operacional (2026-08-17): Entrada em operação de Tangará → -3.0 bps | avanço operacional (2026-08-10): Comunicado ao Mercado: Obtenção de Licença de Instalação de  → -2.7 bps | avanço operacional (2026-08-04): Comunicado ao Mercado - Energização de Ananaí → -2.6 bps | avanço operacional (2026-08-04): Comunicado ao Mercado - Energização Parcial Tangará → -2.6 bps | avanço operacional (2026-04-30): Taesa (TAEE11) registra nova RAP de R$ 23 mi com SE Açailând → -0.8 bps,230.05430079980772,-20.47622074799375,corporativa,operacional,grande_grupo,-0.5297682605881453
TAEEB0,IPCA+,226.4582475002653,252.5518628459011,18.43628426257632,1.9462716908799476,8,ISAEB2 ISAEC2 ISAEC0 TRPLA7 TRPLB7 ALUP18 ISAEA9 CTEE2B,-10.0,avanço operacional (2026-08-25): Comunicado ao Mercado - Energização de Reforço em São Pedro  → -3.3 bps | avanço operacional (2026-08-20): Energização de Saíra (conversora Garabi 2) → -3.1 bps | avanço operacional (2026-08-17): Entrada em operação de Tangará → -3.0 bps | avanço operacional (2026-08-10): Comunicado ao Mercado: Obtenção de Licença de Instalação de  → -2.7 bps | avanço operacional (2026-08-04): Comunicado ao Mercado - Energização de Ananaí → -2.6 bps | avanço operacional (2026-08-04): Comunicado ao Mercado - Energização Parcial Tangará → -2.6 bps | avanço operacional (2026-04-30): Taesa (TAEE11) registra nova RAP de R$ 23 mi com SE Açailând → -0.8 bps,242.5518628459011,-16.09361534563581,corporativa,operacional,grande_grupo,-0.41637989320209534
TAEEB4,IPCA+,246.79103418542758,255.4950674878981,23.22129203480369,1.23312153934468,8,EEELB1 ISAEB0 ALUP18 TRPLB4 EEELB5 ISAEA9 TRPLB7 EEELA4,-10.0,avanço operacional (2026-08-25): Comunicado ao Mercado - Energização de Reforço em São Pedro  → -3.3 bps | avanço operacional (2026-08-20): Energização de Saíra (conversora Garabi 2) → -3.1 bps | avanço operacional (2026-08-17): Entrada em operação de Tangará → -3.0 bps | avanço operacional (2026-08-10): Comunicado ao Mercado: Obtenção de Licença de Instalação de  → -2.7 bps | avanço operacional (2026-08-04): Comunicado ao Mercado - Energização de Ananaí → -2.6 bps | avanço operacional (2026-08-04): Comunicado ao Mercado - Energização Parcial Tangará → -2.6 bps | avanço operacional (2026-04-30): Taesa (TAEE11) registra nova RAP de R$ 23 mi com SE Açailând → -0.8 bps,245.4950674878981,1.2959666975294795,corporativa,operacional,grande_grupo,0.03352972365262395
TAEEB8,IPCA+,217.891871232851,240.05430079980772,14.887383613548518,0.8187175540886907,8,EEELB5 ALUP18 EEELA4 ISAEA8 TRPLA4 EEELA1 EEELA0 ISAEB8,-10.0,avanço operacional (2026-08-25): Comunicado ao Mercado - Energização de Reforço em São Pedro  → -3.3 bps | avanço operacional (2026-08-20): Energização de Saíra (conversora Garabi 2) → -3.1 bps | avanço operacional (2026-08-17): Entrada em operação de Tangará → -3.0 bps | avanço operacional (2026-08-10): Comunicado ao Mercado: Obtenção de Licença de Instalação de  → -2.7 bps | avanço operacional (2026-08-04): Comunicado ao Mercado - Energização de Ananaí → -2.6 bps | avanço operacional (2026-08-04): Comunicado ao Mercado - Energização Parcial Tangará → -2.6 bps | avanço operacional (2026-04-30): Taesa (TAEE11) registra nova RAP de R$ 23 mi com SE Açailând → -0.8 bps,230.05430079980772,-12.162429566956718,corporativa,operacional,grande_grupo,-0.31467081916685224
TAEEC4,IPCA+,252.16262356590087,255.37018963442807,17.15684681776696,0.7913847383699419,8,CTEE2B TRPLB7 TRPLB4 ISAEB0 EEELB1 ISAEA9 ISAEC0 ISAEC2,-10.0,avanço operacional (2026-08-25): Comunicado ao Mercado - Energização de Reforço em São Pedro  → -3.3 bps | avanço operacional (2026-08-20): Energização de Saíra (conversora Garabi 2) → -3.1 bps | avanço operacional (2026-08-17): Entrada em operação de Tangará → -3.0 bps | avanço operacional (2026-08-10): Comunicado ao Mercado: Obtenção de Licença de Instalação de  → -2.7 bps | avanço operacional (2026-08-04): Comunicado ao Mercado - Energização de Ananaí → -2.6 bps | avanço operacional (2026-08-04): Comunicado ao Mercado - Energização Parcial Tangará → -2.6 bps | avanço operacional (2026-04-30): Taesa (TAEE11) registra nova RAP de R$ 23 mi com SE Açailând → -0.8 bps,245.37018963442807,6.7924339314728,corporativa,operacional,grande_grupo,0.17573633109951764
TAEED2,IPCA+,239.9198391592163,255.4950674878981,23.539386862127216,1.0552531074771736,8,ISAEB0 CTEE2B TRPLB4 EEELB1 TRPLB7 ALUP18 EEELA4 ISAEA9,-10.0,avanço operacional (2026-08-25): Comunicado ao Mercado - Energização de Reforço em São Pedro  → -3.3 bps | avanço operacional (2026-08-20): Energização de Saíra (conversora Garabi 2) → -3.1 bps | avanço operacional (2026-08-17): Entrada em operação de Tangará → -3.0 bps | avanço operacional (2026-08-10): Comunicado ao Mercado: Obtenção de Licença de Instalação de  → -2.7 bps | avanço operacional (2026-08-04): Comunicado ao Mercado - Energização de Ananaí → -2.6 bps | avanço operacional (2026-08-04): Comunicado ao Mercado - Energização Parcial Tangará → -2.6 bps | avanço operacional (2026-04-30): Taesa (TAEE11) registra nova RAP de R$ 23 mi com SE Açailând → -0.8 bps,245.4950674878981,-5.5752283286817885,corporativa,operacional,grande_grupo,-0.14424434325151986
TPEN11,IPCA+,233.62176090189348,233.67505944481954,18.219846036412036,1.6494555954667132,8,TRCC11 ETBA12 EDTE12 JTEE11 PRTE12 TPNO12 EDPT11 CTRR11,0.0,,233.67505944481954,-0.053298542926057735,project_finance,operacional,nao_identificado,-0.0013789593658579177
TPNO12,IPCA+,237.52959248683987,235.47545365961105,18.392563357020645,1.686770379398117,8,PRTE12 CTRR11 EDPT11 XNGU17 EDTE12 JTEE11 TRCC11 TPEN11,0.0,,235.47545365961105,2.054138827228826,project_finance,operacional,nao_identificado,0.05314542985742184
TPNO13,IPCA+,257.55920403517365,280.10398453154676,34.34099887451716,2.4262191467668135,8,IBPB11 JTEE12 ELTE12 LTTE15 ETSP12 MSGT23 JTEE11 EQTR11,0.0,,280.10398453154676,-22.544780496373107,project_finance,operacional,nao_identificado,-0.5832867937837279
TRCC11,IPCA+,237.9572884002492,231.82136668710197,17.91238683683374,1.6130298489231265,8,TPEN11 ETBA12 EDTE12 JTEE11 PRTE12 TPNO12 EDPT11 CTRR11,0.0,,231.82136668710197,6.1359217131472406,project_finance,operacional,nao_identificado,0.15875080724540147
TRGO11,IPCA+,246.8027685604115,258.13611514758617,65.07713414196736,1.5133171723684176,8,ODYA11 MSGT12 SPRZ11 EQTN11 EQTS11 EQSP11 EQSP21 MSGT13,0.0,,258.13611514758617,-11.333346587174674,project_finance,operacional,grande_grupo,-0.2932204815538723
TRPLA4,IPCA+,238.51975292060615,234.5218670480665,19.00133446464198,0.655577178078347,8,ALUP18 EEELA1 EEELB5 TAEEA4 EEELA0 EEELA4 TAEEA8 TAEEB8,1.5508149284557167,"avanço operacional (2026-05-27): Obtenção de LI - Projeto Serra Dourada (Bloco 2) → -1.2 bps | avanço operacional (2026-04-22): Energização Jacarandá → -0.8 bps | impacto negativo (2026-07-03): ISA Energia (ISAE3, ISAE4) anuncia potencial oferta de R$ 65 → +2.8 bps | impacto negativo (2026-05-04): Isa Energia (ISAE4): Lucro cai 14%, para R$ 619,1 milhões, c → +1.4 bps | avanço operacional (2026-04-22): ISA Energia (ISAE3) registra início da operação do projeto J → -0.8 bps",236.0726819765222,2.447070944083947,corporativa,operacional,grande_grupo,0.06331151307353247
TRPLA7,IPCA+,236.8939769289346,243.35543667232196,24.257326356168846,1.6760477953645,8,EEELB1 TAEEC4 TAEEA7 TAEED2 TAEEB4 ALUP18 TAEEB0 TAEEB8,1.5508149284557167,"avanço operacional (2026-05-27): Obtenção de LI - Projeto Serra Dourada (Bloco 2) → -1.2 bps | avanço operacional (2026-04-22): Energização Jacarandá → -0.8 bps | impacto negativo (2026-07-03): ISA Energia (ISAE3, ISAE4) anuncia potencial oferta de R$ 65 → +2.8 bps | impacto negativo (2026-05-04): Isa Energia (ISAE4): Lucro cai 14%, para R$ 619,1 milhões, c → +1.4 bps | avanço operacional (2026-04-22): ISA Energia (ISAE3) registra início da operação do projeto J → -0.8 bps",244.90625160077767,-8.012274671843073,corporativa,operacional,grande_grupo,-0.20729649618925142
TRPLB4,IPCA+,255.37511993380676,243.35543667232196,24.178593167326675,1.1109921879288975,8,TAEEA7 TAEEC4 EEELB1 TAEED2 ALUP18 TAEEB4 TAEEB8 TAEEA4,1.5508149284557167,"avanço operacional (2026-05-27): Obtenção de LI - Projeto Serra Dourada (Bloco 2) → -1.2 bps | avanço operacional (2026-04-22): Energização Jacarandá → -0.8 bps | impacto negativo (2026-07-03): ISA Energia (ISAE3, ISAE4) anuncia potencial oferta de R$ 65 → +2.8 bps | impacto negativo (2026-05-04): Isa Energia (ISAE4): Lucro cai 14%, para R$ 619,1 milhões, c → +1.4 bps | avanço operacional (2026-04-22): ISA Energia (ISAE3) registra início da operação do projeto J → -0.8 bps",244.90625160077767,10.468868333029093,corporativa,operacional,grande_grupo,0.27085438447710325
TRPLB7,IPCA+,267.07007444010145,249.20969428849583,23.90398666607351,1.1914502420382949,8,TAEEA7 TAEEC4 EEELB1 TAEED2 ALUP18 TAEEB4 TAEEB8 EEELB5,1.5508149284557167,"avanço operacional (2026-05-27): Obtenção de LI - Projeto Serra Dourada (Bloco 2) → -1.2 bps | avanço operacional (2026-04-22): Energização Jacarandá → -0.8 bps | impacto negativo (2026-07-03): ISA Energia (ISAE3, ISAE4) anuncia potencial oferta de R$ 65 → +2.8 bps | impacto negativo (2026-05-04): Isa Energia (ISAE4): Lucro cai 14%, para R$ 619,1 milhões, c → +1.4 bps | avanço operacional (2026-04-22): ISA Energia (ISAE3) registra início da operação do projeto J → -0.8 bps",250.76050921695153,16.309565223149917,corporativa,operacional,grande_grupo,0.42196702729255386
XNGU17,IPCA+,237.50147644234727,237.4585160254603,35.96792375441055,1.9033512716087042,8,CTRR11 EDPT11 ELTE12 LTTE15 TPNO12 JTEE11 PRTE12 IBPB11,0.0,,237.4585160254603,0.042960416886955954,project_finance,operacional,nao_identificado,0.0011114875937530688
