data_referencia,titulo,codigo_selic,data_base,vencimento,taxa_compra,taxa_venda,taxa_indicativa,pu,desvio_padrao,intervalo_min_d0,intervalo_max_d0,intervalo_min_d1,intervalo_max_d1,criterio
2026-10-05,LTN,100000,2025-01-10,2027-04-01,13.0881,13.0339,13.0597,943.225035,0.01627099376436,12.8344,13.6032,12.8411,13.3102,Calculado
2026-10-05,LTN,100000,2023-07-07,2027-07-01,12.8404,12.7871,12.8052,916.218573,0.02079202456977,12.4652,13.638,12.4693,13.1511,Calculado
2026-10-05,LTN,100000,2025-07-04,2027-10-01,12.7225,12.6925,12.7049,888.958917,0.02345146964627,12.2846,13.7748,12.287,13.1083,Calculado
2026-10-05,LTN,100000,2024-01-05,2028-01-01,12.6565,12.6426,12.6486,863.304085,0.00244224720698,12.1763,13.9308,12.1774,13.0836,Calculado
2026-10-05,LTN,100000,2026-01-09,2028-04-01,12.6192,12.5879,12.6055,838.453537,0.00292534397123,12.0986,14.009,12.0991,13.0568,Calculado
2026-10-05,LTN,100000,2024-07-05,2028-07-01,12.5703,12.5482,12.5558,815.322178,0.0043598568371,12.0274,14.0564,12.0275,13.0171,Calculado
2026-10-05,LTN,100000,2026-07-10,2028-10-01,12.6445,12.6199,12.6314,790.143596,0.00166325841648,12.0895,14.2306,12.0894,13.1289,Calculado
2026-10-05,LTN,100000,2022-02-11,2029-01-01,12.6878,12.6721,12.6789,767.3614,0.0024639302689,12.1306,14.3413,12.1303,13.1889,Calculado
2026-10-05,LTN,100000,2025-07-04,2029-07-01,12.7428,12.7206,12.7312,722.676422,0.00238991930408,12.1821,14.4584,12.1816,13.2273,Calculado
2026-10-05,LTN,100000,2024-01-05,2030-01-01,12.7506,12.7345,12.7434,680.734331,0.00433473702201,12.2038,14.494,12.2033,13.2157,Calculado
2026-10-05,LTN,100000,2025-01-10,2032-01-01,12.8611,12.8471,12.8538,532.822297,0.00156572140242,12.3605,14.5831,12.3602,13.2347,Calculado
2026-10-05,NTN-C,770100,2000-07-01,2031-01-01,7.9016,7.6941,7.7868,7854.625323,0.2192470107947,7.4336,8.399,7.2229,8.7718,Calculado
2026-10-05,LFT,210100,2000-07-01,2027-03-01,0.0085,0.0025,0.0057,20016.802853,0.00089034398409,-0.0237,0.0254,-0.0233,0.0256,Calculado
2026-10-05,LFT,210100,2000-07-01,2027-09-01,0.0215,0.0167,0.0204,20013.580074,0.00150909010003,0.0019,0.0332,0.0034,0.0318,Calculado
2026-10-05,LFT,210100,2000-07-01,2028-03-01,0.0337,0.0309,0.0328,20008.115361,0.00083595664959,0.0135,0.0486,0.0134,0.0496,Calculado
2026-10-05,LFT,210100,2000-07-01,2028-09-01,0.0364,0.0331,0.0349,20003.971788,0.0005428380882,0.0222,0.0643,0.0225,0.065,Calculado
2026-10-05,LFT,210100,2000-07-01,2029-03-01,0.0502,0.0474,0.0486,19994.143311,0.00054449112022,0.0382,0.0666,0.0382,0.0667,Calculado
2026-10-05,LFT,210100,2000-07-01,2029-09-01,0.0616,0.0584,0.0595,19982.893609,0.00067697905433,0.0454,0.0703,0.046,0.0716,Calculado
2026-10-05,LFT,210100,2000-07-01,2030-03-01,0.0704,0.067,0.0682,19971.283597,0.00077318202902,0.0529,0.0789,0.0528,0.0803,Calculado
2026-10-05,LFT,210100,2000-07-01,2030-06-01,0.0737,0.0705,0.072,19965.178332,0.00058315822896,0.0563,0.0834,0.057,0.0845,Calculado
2026-10-05,LFT,210100,2000-07-01,2030-09-01,0.08,0.0769,0.0781,19956.811115,0.00081202159454,0.0592,0.0897,0.0591,0.0909,Calculado
2026-10-05,LFT,210100,2000-07-01,2030-12-01,0.0805,0.0778,0.0788,19952.347266,0.00075910593464,0.0654,0.0904,0.0654,0.0918,Calculado
2026-10-05,LFT,210100,2000-07-01,2031-03-01,0.0887,0.085,0.0866,19941.758134,0.00054075714512,0.0682,0.0956,0.0681,0.0964,Calculado
2026-10-05,LFT,210100,2000-07-01,2031-06-01,0.0887,0.0854,0.0867,19937.414387,0.00054184385205,0.0733,0.0988,0.0735,0.0996,Calculado
2026-10-05,LFT,210100,2000-07-01,2031-09-01,0.091,0.0878,0.0889,19930.908777,8.876249208e-05,0.0764,0.105,0.0763,0.1058,Calculado
2026-10-05,LFT,210100,2000-07-01,2031-12-01,0.0989,0.0958,0.0972,19917.957608,0.00026980383615,0.0837,0.1066,0.0837,0.107,Calculado
2026-10-05,LFT,210100,2000-07-01,2032-03-01,0.1004,0.0977,0.0991,19911.231807,0.00023157368158,0.0873,0.1115,0.0872,0.1117,Calculado
2026-10-05,LFT,210100,2000-07-01,2032-06-01,0.1086,0.1068,0.1073,19897.159671,0.00040174251704,0.0892,0.1172,0.0894,0.1175,Calculado
2026-10-05,LFT,210100,2000-07-01,2032-09-01,0.109,0.1073,0.1079,19890.87425,0.00018073920438,0.0951,0.12,0.095,0.1196,Calculado
2026-10-05,NTN-B,760199,2000-07-15,2027-05-15,5.5396,5.4903,5.5273,4875.114715,0.00545517982472,4.968,6.114,5.0846,6.0368,Calculado
2026-10-05,NTN-B,760199,2000-07-15,2028-08-15,6.9893,6.9669,6.9786,4714.979517,0.00425021361581,6.6702,7.5619,6.744,7.191,Calculado
2026-10-05,NTN-B,760199,2000-07-15,2029-05-15,6.9926,6.9678,6.98,4762.130357,0.0,6.6394,7.6273,6.6968,7.1977,Calculado
2026-10-05,NTN-B,760199,2000-07-15,2030-08-15,7.11,7.0717,7.0873,4631.983397,0.01131842414561,6.7701,7.8256,6.7701,7.3008,Calculado
2026-10-05,NTN-B,760199,2000-07-15,2031-05-15,7.0503,7.0257,7.0382,4686.126585,0.00806913444677,6.7158,7.7697,6.7159,7.2447,Calculado
2026-10-05,NTN-B,760199,2000-07-15,2032-08-15,7.0492,7.0257,7.0375,4571.731407,0.00336607726887,6.7173,7.7579,6.7175,7.2354,Calculado
2026-10-05,NTN-B,760199,2000-07-15,2033-05-15,7.0308,7.0074,7.0191,4625.067054,0.00154784796734,6.6934,7.7272,6.7033,7.2153,Calculado
2026-10-05,NTN-B,760199,2000-07-15,2035-05-15,7.0292,7.0015,7.0178,4573.897514,0.00377649371243,6.6972,7.7117,6.7153,7.2094,Calculado
2026-10-05,NTN-B,760199,2000-07-15,2037-05-15,7.02,6.9871,7.0073,4530.979134,0.00395053479165,6.7163,7.6873,6.7164,7.1954,Calculado
2026-10-05,NTN-B,760199,2000-07-15,2040-08-15,6.8353,6.7953,6.8131,4470.755645,0.00893700899966,6.5357,7.4554,6.5357,6.9973,Calculado
2026-10-05,NTN-B,760199,2000-07-15,2045-05-15,6.7667,6.7132,6.7422,4517.778229,0.0073208449806,6.4761,7.3348,6.4761,6.9234,Calculado
2026-10-05,NTN-B,760199,2000-07-15,2050-08-15,6.7389,6.7095,6.7198,4416.061431,0.00069337523752,6.4602,7.318,6.4603,6.8995,Calculado
2026-10-05,NTN-B,760199,2000-07-15,2055-05-15,6.6678,6.6121,6.6365,4506.292159,0.01095296911618,6.3804,7.2294,6.3805,6.8155,Calculado
2026-10-05,NTN-B,760199,2000-07-15,2060-08-15,6.6614,6.616,6.6378,4414.797868,0.00716703160172,6.3839,7.2258,6.384,6.8164,Calculado
2026-10-05,NTN-F,950199,2016-01-15,2027-01-01,13.2829,13.2162,13.2237,1018.249296,0.01651571545922,13.0772,13.4263,13.0852,13.3284,Calculado
2026-10-05,NTN-F,950199,2018-01-05,2029-01-01,12.5287,12.4951,12.5042,981.885477,0.01326571664442,11.9647,14.1393,11.9644,13.0075,Calculado
2026-10-05,NTN-F,950199,2020-01-10,2031-01-01,12.8187,12.8058,12.8124,942.465563,0.00211772131783,12.3047,14.5636,12.3044,13.2349,Calculado
2026-10-05,NTN-F,950199,2022-01-07,2033-01-01,12.9299,12.916,12.9218,910.839893,0.00379855380112,12.4447,14.6284,12.4445,13.2892,Calculado
2026-10-05,NTN-F,950199,2024-01-05,2035-01-01,12.9668,12.9523,12.961,887.734228,0.0,12.4849,14.6394,12.4849,13.3127,Calculado
2026-10-05,NTN-F,950199,2026-01-09,2037-01-01,12.9491,12.9319,12.9401,871.299585,0.00318782022548,12.46,14.6238,12.4599,13.2806,Calculado
